{
  "widget": [
    {
      "btsKey": "6b0b8057-b263-47ef-94fb-585392224a2c",
      "md5": "431a8a7b752ad8d0b72150a9ea3198e7",
      "name": "Image3/Image4/ActorWindow"
    },
    {
      "btsKey": "c5aed4c1-e4f1-4254-94d8-6c8d84c5e6bb",
      "md5": "3db762235b891a3ab45439eaea12e92a",
      "name": "determind"
    },
    {
      "btsKey": "db96197f-5ec1-4b73-83bf-8b6fc15ff68d",
      "md5": "df3dcf3d56a4167c010c79160b8ee5b7",
      "name": "LEADEROARD"
    },
    {
      "btsKey": "d82551cc-eeef-4aed-9106-adb2335c95ab",
      "md5": "1c67020f77fccdff6234f7a9d89a74bb",
      "name": "Img_thisPowerBg/Btn_add"
    },
    {
      "btsKey": "6a21e242-4766-4ef7-8470-535fb60573a3",
      "md5": "9e77fa8ecc0eb5f726df6f76b4e88dd1",
      "name": "Image3/Button"
    }
  ]
}