{
  "bake_texture_size": 64,
  "blinn": 0,
  "canBreak": true,
  "hdr": 0,
  "hideCloud": true,
  "is_bake_light_effect_visible": false,
  "moveDownGravity": 0.15,
  "scene": [
    {
      "attributes": [],
      "class": "VoxelTerrain",
      "customProperties": [],
      "properties": {
        "collisionGroup": "1",
        "id": "8780688047409086465",
        "isVisibleInEditor": "true",
        "name": "VoxelTerrain",
        "uniqueKey": "",
        "useForCollision": "false"
      }
    },
    {
      "class": "Light",
      "customProperties": [],
      "properties": {
        "bakeTextureWeight": "1",
        "batchType": "Dynamic",
        "canAcceptShadow": "true",
        "canGenerateShadow": "true",
        "id": "8780688047535603713",
        "ID": "7",
        "isVisibleInEditor": "true",
        "lightActived": "true",
        "lightAngle": "30.0",
        "lightBrightness": "1.0",
        "lightColor": "r:1.0 g:1.0 b:1.0 a:1.0",
        "lightLength": "1.0",
        "lightRange": "8.0",
        "lightType": "GlobalLight",
        "lightWidth": "1.0",
        "name": "EnvironmentLight",
        "needSync": "false",
        "position": "x:0 y:0 z:0",
        "rotation": "x:0 y:0 z:0",
        "scale": "x:1 y:1 z:1",
        "selectable": "true",
        "shadowsDistance": "20.0",
        "shadowsIntensity": "1.0",
        "shadowsOffset": "0.02",
        "shadowsPresicion": "1024",
        "shadowsType": "null",
        "skyColor": "r:0.498039215686275 g:0.513725490196078 b:0.545098039215686 a:1.0",
        "skyLineColor": "r:0.23921568627451 g:0.227450980392157 b:0.207843137254902 a:1.0",
        "useAnchor": "false",
        "useForCollision": "false"
      }
    },
    {
      "class": "Light",
      "customProperties": [],
      "properties": {
        "bakeTextureWeight": "1",
        "batchType": "Dynamic",
        "canAcceptShadow": "true",
        "canGenerateShadow": "true",
        "id": "8780688047715844097",
        "ID": "8",
        "isVisibleInEditor": "true",
        "lightActived": "true",
        "lightAngle": "30.0",
        "lightBrightness": "1.0",
        "lightColor": "r:1.0 g:1.0 b:1.0 a:1.0",
        "lightLength": "1.0",
        "lightRange": "8.0",
        "lightType": "DirectionalLight",
        "lightWidth": "1.0",
        "name": "DirectionalLight",
        "needSync": "false",
        "position": "x:0 y:17.7829990386963 z:0",
        "rotation": "x:0 y:-90 z:0",
        "scale": "x:1 y:1 z:1",
        "selectable": "true",
        "shadowsDistance": "20.0",
        "shadowsIntensity": "1.0",
        "shadowsOffset": "0.02",
        "shadowsPresicion": "1024",
        "shadowsType": "null",
        "skyColor": "r:0.498039215686275 g:0.513725490196078 b:0.545098039215686 a:1.0",
        "skyLineColor": "r:0.23921568627451 g:0.227450980392157 b:0.207843137254902 a:1.0",
        "useAnchor": "false",
        "useForCollision": "false"
      }
    },
    {
      "attributes": [],
      "class": "MeshPart",
      "customProperties": [],
      "properties": {
        "angleVelocity": "x:0 y:0 z:0",
        "autoAnchor": "true",
        "bakeTextureWeight": "1",
        "batchType": "Dynamic",
        "bloom": "false",
        "booleanOperation": "0",
        "btsKey": "faa5e7f2-4130-45fb-8702-f4451c24dd31",
        "cameraCollideEnable": "true",
        "canAcceptShadow": "true",
        "canGenerateShadow": "true",
        "collisionFidelity": "0",
        "collisionGroup": "1",
        "collisionUniqueKey": "8780714272864813057",
        "customShapeData": "",
        "customThreshold": "1",
        "density": "2.2",
        "discardAlpha": "1",
        "friction": "0.37",
        "id": "8780714272864813057",
        "isLockedInEditor": "false",
        "isVisibleInEditor": "true",
        "lineVelocity": "x:0 y:0 z:0",
        "localAnchorPoint": "x:0 y:0 z:0",
        "lodData": {
          "lodModelItem": []
        },
        "lodGroup": "",
        "mass": "19.546776008606",
        "massCenter": "x:5.5341882705688 y:1.5862517356873 z:-2.5762009620667",
        "materialAlpha": "1.0",
        "materialColor": "r:1.0 g:1.0 b:1.0 a:1.0",
        "materialOffset": "x:1 y:1 z:1.0",
        "materialTexture": "part_suliao.tga",
        "mesh": "asset/stone/shitou/dashi_02/.mesh",
        "metalness": "0",
        "name": "MeshPart",
        "needSync": "true",
        "originAnchor": "false",
        "partNavMeshType": "1",
        "position": "x:5.5341882705688 y:1.5862517356873 z:-2.5762009620667",
        "restitution": "0.3",
        "rotation": "x:0 y:0 z:0",
        "roughness": "0.9",
        "scale": "x:1.53532 y:1.53532 z:1.53532",
        "selectable": "true",
        "staticBatchNo": "",
        "staticObject": "false",
        "useAnchor": "true",
        "useCollide": "true",
        "useForCollision": "false",
        "useGravity": "true",
        "useLodModel": "false",
        "useTextureAlpha": "false"
      }
    },
    {
      "attributes": [],
      "class": "MeshPart",
      "customProperties": [],
      "properties": {
        "angleVelocity": "x:0 y:0 z:0",
        "autoAnchor": "true",
        "bakeTextureWeight": "1",
        "batchType": "Dynamic",
        "bloom": "false",
        "booleanOperation": "0",
        "btsKey": "be3bd385-9a7b-4141-a7a7-7ae763acdfd5",
        "cameraCollideEnable": "true",
        "canAcceptShadow": "true",
        "canGenerateShadow": "true",
        "collisionFidelity": "0",
        "collisionGroup": "1",
        "collisionUniqueKey": "8780714326553362433",
        "customShapeData": "",
        "customThreshold": "1",
        "density": "2.2",
        "discardAlpha": "1",
        "friction": "0.37",
        "id": "8780714326553362433",
        "isLockedInEditor": "false",
        "isVisibleInEditor": "true",
        "lineVelocity": "x:0 y:0 z:0",
        "localAnchorPoint": "x:0 y:0 z:0",
        "lodData": {
          "lodModelItem": []
        },
        "lodGroup": "",
        "mass": "343.89978637695",
        "massCenter": "x:17.156772613525 y:2.3495283126831 z:1.4920563697815",
        "materialAlpha": "1.0",
        "materialColor": "r:1.0 g:1.0 b:1.0 a:1.0",
        "materialOffset": "x:1 y:1 z:1.0",
        "materialTexture": "part_suliao.tga",
        "mesh": "asset/stone/shitou/dashi_02/.mesh",
        "metalness": "0",
        "name": "MeshPart",
        "needSync": "true",
        "originAnchor": "false",
        "partNavMeshType": "1",
        "position": "x:17.156772613525 y:2.3495283126831 z:1.4920563697815",
        "restitution": "0.3",
        "rotation": "x:0 y:89.999984741211 z:0",
        "roughness": "0.9",
        "scale": "x:3.99317 y:3.99317 z:3.99317",
        "selectable": "true",
        "staticBatchNo": "",
        "staticObject": "false",
        "useAnchor": "true",
        "useCollide": "true",
        "useForCollision": "false",
        "useGravity": "true",
        "useLodModel": "false",
        "useTextureAlpha": "false"
      }
    },
    {
      "attributes": [],
      "class": "MeshPart",
      "customProperties": [],
      "properties": {
        "angleVelocity": "x:0 y:0 z:0",
        "autoAnchor": "true",
        "bakeTextureWeight": "1",
        "batchType": "Dynamic",
        "bloom": "false",
        "booleanOperation": "0",
        "btsKey": "5d04237b-5cd7-4c9f-8526-c559d70bb621",
        "cameraCollideEnable": "true",
        "canAcceptShadow": "true",
        "canGenerateShadow": "true",
        "collisionFidelity": "0",
        "collisionGroup": "1",
        "collisionUniqueKey": "8780714369993342977",
        "customShapeData": "",
        "customThreshold": "1",
        "density": "2.2",
        "discardAlpha": "1",
        "friction": "0.37",
        "id": "8780714369993342977",
        "isLockedInEditor": "false",
        "isVisibleInEditor": "true",
        "lineVelocity": "x:0 y:0 z:0",
        "localAnchorPoint": "x:0 y:0 z:0",
        "lodData": {
          "lodModelItem": []
        },
        "lodGroup": "",
        "mass": "4474.5287597656",
        "massCenter": "x:7.0961942672729 y:1.4710634946823 z:16.6275806427",
        "materialAlpha": "1.0",
        "materialColor": "r:1.0 g:1.0 b:1.0 a:1.0",
        "materialOffset": "x:1 y:1 z:1.0",
        "materialTexture": "part_suliao.tga",
        "mesh": "asset/stone/shitou/dashi_01/dashi_01.mesh",
        "metalness": "0",
        "name": "MeshPart",
        "needSync": "true",
        "originAnchor": "false",
        "partNavMeshType": "1",
        "position": "x:7.0961942672729 y:1.4710634946823 z:16.6275806427",
        "restitution": "0.3",
        "rotation": "x:87.000038146973 y:-80.998481750488 z:161.00152587891",
        "roughness": "0.9",
        "scale": "x:6.84042 y:6.84043 z:6.84043",
        "selectable": "true",
        "staticBatchNo": "",
        "staticObject": "false",
        "useAnchor": "true",
        "useCollide": "true",
        "useForCollision": "false",
        "useGravity": "true",
        "useLodModel": "false",
        "useTextureAlpha": "false"
      }
    },
    {
      "attributes": [],
      "class": "MeshPart",
      "customProperties": [],
      "properties": {
        "angleVelocity": "x:0 y:0 z:0",
        "autoAnchor": "true",
        "bakeTextureWeight": "1",
        "batchType": "Dynamic",
        "bloom": "false",
        "booleanOperation": "0",
        "btsKey": "f3d791cf-465f-4512-bed8-2124bb72da5b",
        "cameraCollideEnable": "true",
        "canAcceptShadow": "true",
        "canGenerateShadow": "true",
        "collisionFidelity": "0",
        "collisionGroup": "1",
        "collisionUniqueKey": "8780714576357392385",
        "customShapeData": "",
        "customThreshold": "1",
        "density": "2.2",
        "discardAlpha": "1",
        "friction": "0.37",
        "id": "8780714576357392385",
        "isLockedInEditor": "false",
        "isVisibleInEditor": "true",
        "lineVelocity": "x:0 y:0 z:0",
        "localAnchorPoint": "x:0 y:0 z:0",
        "lodData": {
          "lodModelItem": []
        },
        "lodGroup": "",
        "mass": "273.34083557129",
        "massCenter": "x:-11.582313537598 y:1.5880525112152 z:2.2373871803284",
        "materialAlpha": "1.0",
        "materialColor": "r:1.0 g:1.0 b:1.0 a:1.0",
        "materialOffset": "x:1 y:1 z:1.0",
        "materialTexture": "part_suliao.tga",
        "mesh": "asset/stone/shitou/dashi_02/.mesh",
        "metalness": "0",
        "name": "MeshPart",
        "needSync": "true",
        "originAnchor": "false",
        "partNavMeshType": "1",
        "position": "x:-11.582313537598 y:1.5880525112152 z:2.2373871803284",
        "restitution": "0.3",
        "rotation": "x:0 y:0 z:0",
        "roughness": "0.9",
        "scale": "x:3.69893 y:3.69891 z:3.69893",
        "selectable": "true",
        "staticBatchNo": "",
        "staticObject": "false",
        "useAnchor": "true",
        "useCollide": "true",
        "useForCollision": "false",
        "useGravity": "true",
        "useLodModel": "false",
        "useTextureAlpha": "false"
      }
    },
    {
      "attributes": [],
      "class": "EffectPart",
      "customProperties": [],
      "properties": {
        "bakeTextureWeight": "1",
        "batchType": "Dynamic",
        "canAcceptShadow": "true",
        "canGenerateShadow": "true",
        "effectFilePath": "asset/effect/Red Square Area Effect/sots208_light beam_01_red_3d.effect",
        "id": "8784319668450476033",
        "isVisibleInEditor": "true",
        "loopCount": "-1",
        "loopInterval": "0.0",
        "loopReset": "false",
        "maxViewDistance": "-1",
        "name": "EffectPart",
        "needSync": "true",
        "position": "x:8 y:0 z:-8",
        "rotation": "x:0 y:0 z:0",
        "scale": "x:5 y:5 z:5",
        "selectable": "true",
        "useAnchor": "false",
        "useForCollision": "false",
        "visible": "true"
      }
    },
    {
      "attributes": [],
      "class": "MeshPart",
      "customProperties": [],
      "properties": {
        "angleVelocity": "x:0 y:0 z:0",
        "autoAnchor": "true",
        "bakeTextureWeight": "1",
        "batchType": "Dynamic",
        "bloom": "false",
        "booleanOperation": "0",
        "btsKey": "84a8aa32-d8e9-4fd0-a2e6-222f0afd7dfc",
        "cameraCollideEnable": "true",
        "canAcceptShadow": "true",
        "canGenerateShadow": "true",
        "collisionFidelity": "0",
        "collisionGroup": "1",
        "collisionUniqueKey": "8780714621204365313",
        "customShapeData": "",
        "customThreshold": "1",
        "density": "2.2",
        "discardAlpha": "1",
        "friction": "0.37",
        "id": "8780714621204365313",
        "isLockedInEditor": "false",
        "isVisibleInEditor": "true",
        "lineVelocity": "x:0 y:0 z:0",
        "localAnchorPoint": "x:0 y:0 z:0",
        "lodData": {
          "lodModelItem": []
        },
        "lodGroup": "",
        "mass": "179.28093261719",
        "massCenter": "x:6.0280699729919 y:-0.108791641891 z:-2.1223964691162",
        "materialAlpha": "1.0",
        "materialColor": "r:1.0 g:1.0 b:1.0 a:1.0",
        "materialOffset": "x:1 y:1 z:1.0",
        "materialTexture": "part_suliao.tga",
        "mesh": "asset/stone/shitou/dashi_01/dashi_01.mesh",
        "metalness": "0",
        "name": "MeshPart",
        "needSync": "true",
        "originAnchor": "false",
        "partNavMeshType": "1",
        "position": "x:6.0280699729919 y:-0.108791641891 z:-2.1223964691162",
        "restitution": "0.3",
        "rotation": "x:0 y:0 z:-179.99998474121",
        "roughness": "0.9",
        "scale": "x:3.20339 y:3.20339 z:3.20339",
        "selectable": "true",
        "staticBatchNo": "",
        "staticObject": "false",
        "useAnchor": "true",
        "useCollide": "true",
        "useForCollision": "false",
        "useGravity": "true",
        "useLodModel": "false",
        "useTextureAlpha": "false"
      }
    },
    {
      "attributes": [],
      "class": "MeshPart",
      "customProperties": [],
      "properties": {
        "angleVelocity": "x:0 y:0 z:0",
        "autoAnchor": "true",
        "bakeTextureWeight": "1",
        "batchType": "Dynamic",
        "bloom": "false",
        "booleanOperation": "0",
        "btsKey": "0d8add30-1b20-4a0d-9c0f-ecc9ea172b68",
        "cameraCollideEnable": "true",
        "canAcceptShadow": "true",
        "canGenerateShadow": "true",
        "collisionFidelity": "0",
        "collisionGroup": "1",
        "collisionUniqueKey": "8780714663660224513",
        "customShapeData": "",
        "customThreshold": "1",
        "density": "2.2",
        "discardAlpha": "1",
        "friction": "0.37",
        "id": "8780714663660224513",
        "isLockedInEditor": "false",
        "isVisibleInEditor": "true",
        "lineVelocity": "x:0 y:0 z:0",
        "localAnchorPoint": "x:0 y:0 z:0",
        "lodData": {
          "lodModelItem": []
        },
        "lodGroup": "",
        "mass": "3022.787109375",
        "massCenter": "x:-9.8048868179321 y:3.2514164447784 z:14.702275276184",
        "materialAlpha": "1.0",
        "materialColor": "r:1.0 g:1.0 b:1.0 a:1.0",
        "materialOffset": "x:1 y:1 z:1.0",
        "materialTexture": "part_suliao.tga",
        "mesh": "asset/stone/shitou/dashi_01/dashi_01.mesh",
        "metalness": "0",
        "name": "MeshPart",
        "needSync": "true",
        "originAnchor": "false",
        "partNavMeshType": "1",
        "position": "x:-9.8048868179321 y:3.2514164447784 z:14.702275276184",
        "restitution": "0.3",
        "rotation": "x:-82.023139953613 y:104.5378112793 z:83.715400695801",
        "roughness": "0.9",
        "scale": "x:6.56213 y:6.56213 z:6.56212",
        "selectable": "true",
        "staticBatchNo": "",
        "staticObject": "false",
        "useAnchor": "true",
        "useCollide": "true",
        "useForCollision": "false",
        "useGravity": "true",
        "useLodModel": "false",
        "useTextureAlpha": "false"
      }
    },
    {
      "attributes": [],
      "class": "MeshPart",
      "customProperties": [],
      "properties": {
        "angleVelocity": "x:0 y:0 z:0",
        "autoAnchor": "true",
        "bakeTextureWeight": "1",
        "batchType": "Dynamic",
        "bloom": "false",
        "booleanOperation": "0",
        "btsKey": "5171984e-5fcf-4bd3-88d5-c138448209f3",
        "cameraCollideEnable": "true",
        "canAcceptShadow": "true",
        "canGenerateShadow": "true",
        "collisionFidelity": "0",
        "collisionGroup": "1",
        "collisionUniqueKey": "8780714749368680449",
        "customShapeData": "",
        "customThreshold": "1",
        "density": "2.2",
        "discardAlpha": "1",
        "friction": "0.37",
        "id": "8780714749368680449",
        "isLockedInEditor": "false",
        "isVisibleInEditor": "true",
        "lineVelocity": "x:0 y:0 z:0",
        "localAnchorPoint": "x:0 y:0 z:0",
        "lodData": {
          "lodModelItem": []
        },
        "lodGroup": "",
        "mass": "113.62921447754",
        "massCenter": "x:7.9185252189636 y:1.5668661594391 z:-8.1030578613281",
        "materialAlpha": "1.0",
        "materialColor": "r:1.0 g:1.0 b:1.0 a:1.0",
        "materialOffset": "x:1 y:1 z:1.0",
        "materialTexture": "part_suliao.tga",
        "mesh": "asset/stone/shitou/suishi_02/suishi_02.mesh",
        "metalness": "0",
        "name": "MeshPart",
        "needSync": "true",
        "originAnchor": "false",
        "partNavMeshType": "1",
        "position": "x:7.9185252189636 y:1.5668661594391 z:-8.1030578613281",
        "restitution": "0.3",
        "rotation": "x:0 y:79.999977111816 z:0",
        "roughness": "0.9",
        "scale": "x:5.02953 y:5.02955 z:5.02953",
        "selectable": "true",
        "staticBatchNo": "",
        "staticObject": "false",
        "useAnchor": "true",
        "useCollide": "true",
        "useForCollision": "false",
        "useGravity": "true",
        "useLodModel": "false",
        "useTextureAlpha": "false"
      }
    },
    {
      "attributes": [],
      "class": "Entity",
      "config": "myplugin/TownBonFire",
      "customProperties": [],
      "properties": {
        "bakeTextureWeight": "1",
        "batchType": "Dynamic",
        "canAcceptShadow": "true",
        "canGenerateShadow": "true",
        "collisionGroup": "1",
        "id": "8780720782108409857",
        "isVisibleInEditor": "true",
        "name": "TownBonFire",
        "needSync": "true",
        "position": "x:-7.3270649909973 y:1.0598982572556 z:-7.2059125900269",
        "rotation": "x:0 y:0 z:0",
        "scale": "x:1 y:2.155 z:1",
        "selectable": "true",
        "useAnchor": "false",
        "useForCollision": "false"
      }
    },
    {
      "attributes": [],
      "class": "Entity",
      "config": "myplugin/TownWood",
      "customProperties": [],
      "properties": {
        "bakeTextureWeight": "1",
        "batchType": "Dynamic",
        "canAcceptShadow": "true",
        "canGenerateShadow": "true",
        "collisionGroup": "1",
        "id": "8780729858828009473",
        "isVisibleInEditor": "true",
        "name": "entity_TownWood",
        "needSync": "true",
        "position": "x:-7.3910002708435 y:0.9998996257782 z:-8.9980001449585",
        "rotation": "x:0 y:0 z:0",
        "scale": "x:1 y:1 z:1",
        "selectable": "true",
        "useAnchor": "false",
        "useForCollision": "false"
      }
    },
    {
      "attributes": [],
      "class": "MeshPart",
      "customProperties": [],
      "properties": {
        "angleVelocity": "x:0 y:0 z:0",
        "autoAnchor": "true",
        "bakeTextureWeight": "1",
        "batchType": "Dynamic",
        "bloom": "false",
        "booleanOperation": "0",
        "btsKey": "5171984e-5fcf-4bd3-88d5-c138448209f3",
        "cameraCollideEnable": "true",
        "canAcceptShadow": "true",
        "canGenerateShadow": "true",
        "collisionFidelity": "0",
        "collisionGroup": "1",
        "collisionUniqueKey": "8780714749368680449",
        "customShapeData": "",
        "customThreshold": "1",
        "density": "2.2",
        "discardAlpha": "1",
        "friction": "0.37",
        "id": "8780743409167335425",
        "isLockedInEditor": "false",
        "isVisibleInEditor": "true",
        "lineVelocity": "x:0 y:0 z:0",
        "localAnchorPoint": "x:0 y:0 z:0",
        "lodData": {
          "lodModelItem": []
        },
        "lodGroup": "",
        "mass": "866.99215087891",
        "massCenter": "x:10.9625988006592 y:6.28487014770508 z:8.87429332733154",
        "materialAlpha": "1.0",
        "materialColor": "r:1.0 g:1.0 b:1.0 a:1.0",
        "materialOffset": "x:1 y:1 z:1.0",
        "materialTexture": "part_suliao.tga",
        "mesh": "asset/Mesh/White And Red Shed Stall/g2021_xinshoucun_guotan_03.mesh",
        "metalness": "0",
        "name": "MeshPart",
        "needSync": "true",
        "originAnchor": "false",
        "partNavMeshType": "1",
        "position": "x:10.9625988006592 y:6.28487014770508 z:8.87429332733154",
        "restitution": "0.3",
        "rotation": "x:0 y:67.999992370605 z:0",
        "roughness": "0.9",
        "scale": "x:1.21329 y:1.2133 z:1.21329",
        "selectable": "true",
        "staticBatchNo": "",
        "staticObject": "false",
        "useAnchor": "true",
        "useCollide": "true",
        "useForCollision": "false",
        "useGravity": "true",
        "useLodModel": "false",
        "useTextureAlpha": "false"
      }
    },
    {
      "attributes": [],
      "children": [
        {
          "attributes": [],
          "class": "MeshPart",
          "customProperties": [],
          "properties": {
            "angleVelocity": "x:0 y:0 z:0",
            "autoAnchor": "true",
            "bakeTextureWeight": "1",
            "batchType": "Dynamic",
            "bloom": "false",
            "booleanOperation": "0",
            "btsKey": "be3bd385-9a7b-4141-a7a7-7ae763acdfd5",
            "cameraCollideEnable": "true",
            "canAcceptShadow": "true",
            "canGenerateShadow": "true",
            "collisionFidelity": "0",
            "collisionGroup": "1",
            "collisionUniqueKey": "8780714326553362433",
            "customShapeData": "",
            "customThreshold": "1",
            "density": "2.2",
            "discardAlpha": "1",
            "friction": "0.37",
            "id": "8780745837177815041",
            "isLockedInEditor": "false",
            "isVisibleInEditor": "true",
            "lineVelocity": "x:0 y:0 z:0",
            "localAnchorPoint": "x:0 y:0 z:0",
            "lodData": {
              "lodModelItem": []
            },
            "lodGroup": "",
            "massCenter": "x:2.6453545093536 y:1.119528055191 z:-4.0342016220093",
            "materialAlpha": "1.0",
            "materialColor": "r:1.0 g:1.0 b:1.0 a:1.0",
            "materialOffset": "x:1 y:1 z:1.0",
            "materialTexture": "part_suliao.tga",
            "mesh": "asset/stone/shitou/dashi_02/.mesh",
            "metalness": "0",
            "name": "MeshPart",
            "needSync": "true",
            "originAnchor": "false",
            "partNavMeshType": "1",
            "position": "x:2.6453545093536 y:1.119528055191 z:-4.0342016220093",
            "restitution": "0.3",
            "rotation": "x:0 y:90 z:0",
            "roughness": "0.9",
            "scale": "x:0.55049 y:0.55049 z:0.55049",
            "selectable": "true",
            "staticBatchNo": "",
            "staticObject": "false",
            "useAnchor": "true",
            "useCollide": "true",
            "useForCollision": "false",
            "useGravity": "true",
            "useLodModel": "false",
            "useTextureAlpha": "false"
          }
        },
        {
          "attributes": [],
          "class": "MeshPart",
          "customProperties": [],
          "properties": {
            "angleVelocity": "x:0 y:0 z:0",
            "autoAnchor": "true",
            "bakeTextureWeight": "1",
            "batchType": "Dynamic",
            "bloom": "false",
            "booleanOperation": "0",
            "btsKey": "be3bd385-9a7b-4141-a7a7-7ae763acdfd5",
            "cameraCollideEnable": "true",
            "canAcceptShadow": "true",
            "canGenerateShadow": "true",
            "collisionFidelity": "0",
            "collisionGroup": "1",
            "collisionUniqueKey": "8780714326553362433",
            "customShapeData": "",
            "customThreshold": "1",
            "density": "2.2",
            "discardAlpha": "1",
            "friction": "0.37",
            "id": "8780746339986636801",
            "isLockedInEditor": "false",
            "isVisibleInEditor": "true",
            "lineVelocity": "x:0 y:0 z:0",
            "localAnchorPoint": "x:0 y:0 z:0",
            "lodData": {
              "lodModelItem": []
            },
            "lodGroup": "",
            "massCenter": "x:2.6253542900085 y:1.2845278978348 z:-3.0092008113861",
            "materialAlpha": "1.0",
            "materialColor": "r:1.0 g:1.0 b:1.0 a:1.0",
            "materialOffset": "x:1 y:1 z:1.0",
            "materialTexture": "part_suliao.tga",
            "mesh": "asset/stone/shitou/dashi_02/.mesh",
            "metalness": "0",
            "name": "MeshPart",
            "needSync": "true",
            "originAnchor": "false",
            "partNavMeshType": "1",
            "position": "x:2.6253542900085 y:1.2845278978348 z:-3.0092008113861",
            "restitution": "0.3",
            "rotation": "x:0 y:0 z:0",
            "roughness": "0.9",
            "scale": "x:0.791054 y:0.791054 z:0.791054",
            "selectable": "true",
            "staticBatchNo": "",
            "staticObject": "false",
            "useAnchor": "true",
            "useCollide": "true",
            "useForCollision": "false",
            "useGravity": "true",
            "useLodModel": "false",
            "useTextureAlpha": "false"
          }
        },
        {
          "attributes": [],
          "children": [
            {
              "attributes": [],
              "class": "MeshPart",
              "customProperties": [],
              "properties": {
                "angleVelocity": "x:0 y:0 z:0",
                "autoAnchor": "true",
                "bakeTextureWeight": "1",
                "batchType": "Dynamic",
                "bloom": "false",
                "booleanOperation": "0",
                "btsKey": "6459227b-4b94-433c-93d2-07ce51346dda",
                "cameraCollideEnable": "true",
                "canAcceptShadow": "true",
                "canGenerateShadow": "true",
                "collisionFidelity": "0",
                "collisionGroup": "1",
                "collisionUniqueKey": "8780714188532465665",
                "customShapeData": "",
                "customThreshold": "1",
                "density": "2.2",
                "discardAlpha": "1",
                "friction": "0.37",
                "id": "8780714188532465665",
                "isLockedInEditor": "false",
                "isVisibleInEditor": "true",
                "lineVelocity": "x:0 y:0 z:0",
                "localAnchorPoint": "x:0 y:0 z:0",
                "lodData": {
                  "lodModelItem": []
                },
                "lodGroup": "",
                "massCenter": "x:2.4246873855591 y:1.473616361618 z:-1.6642336845398",
                "materialAlpha": "1.0",
                "materialColor": "r:1.0 g:1.0 b:1.0 a:1.0",
                "materialOffset": "x:1 y:1 z:1.0",
                "materialTexture": "part_suliao.tga",
                "mesh": "asset/stone/shitou/dashi_01/dashi_01.mesh",
                "metalness": "0",
                "name": "MeshPart",
                "needSync": "true",
                "originAnchor": "false",
                "partNavMeshType": "1",
                "position": "x:2.4246873855591 y:1.473616361618 z:-1.6642336845398",
                "restitution": "0.3",
                "rotation": "x:0 y:0 z:90",
                "roughness": "0.9",
                "scale": "x:1 y:1 z:1",
                "selectable": "true",
                "staticBatchNo": "",
                "staticObject": "false",
                "useAnchor": "true",
                "useCollide": "true",
                "useForCollision": "false",
                "useGravity": "true",
                "useLodModel": "false",
                "useTextureAlpha": "false"
              }
            },
            {
              "attributes": [],
              "class": "MeshPart",
              "customProperties": [],
              "properties": {
                "angleVelocity": "x:0 y:0 z:0",
                "autoAnchor": "true",
                "bakeTextureWeight": "1",
                "batchType": "Dynamic",
                "bloom": "false",
                "booleanOperation": "0",
                "btsKey": "bce98e5e-619f-4557-8c87-58d6c3341a7e",
                "cameraCollideEnable": "true",
                "canAcceptShadow": "true",
                "canGenerateShadow": "true",
                "collisionFidelity": "0",
                "collisionGroup": "1",
                "collisionUniqueKey": "8780714188578340865",
                "customShapeData": "",
                "customThreshold": "1",
                "density": "2.2",
                "discardAlpha": "1",
                "friction": "0.37",
                "id": "8780714188578340865",
                "isLockedInEditor": "false",
                "isVisibleInEditor": "true",
                "lineVelocity": "x:0 y:0 z:0",
                "localAnchorPoint": "x:0 y:0 z:0",
                "lodData": {
                  "lodModelItem": []
                },
                "lodGroup": "",
                "massCenter": "x:2.9546837806702 y:1.4436166286469 z:-1.854236125946",
                "materialAlpha": "1.0",
                "materialColor": "r:1.0 g:1.0 b:1.0 a:1.0",
                "materialOffset": "x:1 y:1 z:1.0",
                "materialTexture": "part_suliao.tga",
                "mesh": "asset/stone/shitou/dashi_01/dashi_01.mesh",
                "metalness": "0",
                "name": "MeshPart",
                "needSync": "true",
                "originAnchor": "false",
                "partNavMeshType": "1",
                "position": "x:2.9546837806702 y:1.4436166286469 z:-1.854236125946",
                "restitution": "0.3",
                "rotation": "x:-5.0089556680177e-06 y:2.2311800421448e-05 z:-89.999992370605",
                "roughness": "0.9",
                "scale": "x:1 y:1 z:1",
                "selectable": "true",
                "staticBatchNo": "",
                "staticObject": "false",
                "useAnchor": "true",
                "useCollide": "true",
                "useForCollision": "false",
                "useGravity": "true",
                "useLodModel": "false",
                "useTextureAlpha": "false"
              }
            }
          ],
          "class": "Model",
          "customProperties": [],
          "properties": {
            "bakeTextureWeight": "1",
            "batchType": "Dynamic",
            "canAcceptShadow": "true",
            "canGenerateShadow": "true",
            "id": "8780714188518457345",
            "isVisibleInEditor": "true",
            "name": "Model",
            "needSync": "true",
            "position": "x:2.6946849822998 y:1.4586174488068 z:-1.7592349052429",
            "rotation": "x:0 y:0 z:0",
            "selectable": "true",
            "useAnchor": "true",
            "useForCollision": "false"
          }
        }
      ],
      "class": "Model",
      "customProperties": [],
      "properties": {
        "bakeTextureWeight": "1",
        "batchType": "Dynamic",
        "canAcceptShadow": "true",
        "canGenerateShadow": "true",
        "id": "8780749364754366465",
        "isVisibleInEditor": "true",
        "name": "Model",
        "needSync": "true",
        "position": "x:2.6360216140747 y:1.4586163163185 z:-2.7088542878628",
        "rotation": "x:0 y:0 z:0",
        "selectable": "true",
        "useAnchor": "false",
        "useForCollision": "false"
      }
    },
    {
      "attributes": [],
      "children": [
        {
          "attributes": [],
          "class": "MeshPart",
          "customProperties": [],
          "properties": {
            "angleVelocity": "x:0 y:0 z:0",
            "autoAnchor": "true",
            "bakeTextureWeight": "1",
            "batchType": "Dynamic",
            "bloom": "false",
            "booleanOperation": "0",
            "btsKey": "be3bd385-9a7b-4141-a7a7-7ae763acdfd5",
            "cameraCollideEnable": "true",
            "canAcceptShadow": "true",
            "canGenerateShadow": "true",
            "collisionFidelity": "0",
            "collisionGroup": "1",
            "collisionUniqueKey": "8780714326553362433",
            "customShapeData": "",
            "customThreshold": "1",
            "density": "2.2",
            "discardAlpha": "1",
            "friction": "0.37",
            "id": "8780749498929741825",
            "isLockedInEditor": "false",
            "isVisibleInEditor": "true",
            "lineVelocity": "x:0 y:0 z:0",
            "localAnchorPoint": "x:0 y:0 z:0",
            "lodData": {
              "lodModelItem": []
            },
            "lodGroup": "",
            "massCenter": "x:-1.5676456689835 y:1.119528055191 z:-4.0342016220093",
            "materialAlpha": "1.0",
            "materialColor": "r:1.0 g:1.0 b:1.0 a:1.0",
            "materialOffset": "x:1 y:1 z:1.0",
            "materialTexture": "part_suliao.tga",
            "mesh": "asset/stone/shitou/dashi_02/.mesh",
            "metalness": "0",
            "name": "MeshPart",
            "needSync": "true",
            "originAnchor": "false",
            "partNavMeshType": "1",
            "position": "x:-1.5676456689835 y:1.119528055191 z:-4.0342016220093",
            "restitution": "0.3",
            "rotation": "x:0 y:90 z:0",
            "roughness": "0.9",
            "scale": "x:0.55049 y:0.55049 z:0.55049",
            "selectable": "true",
            "staticBatchNo": "",
            "staticObject": "false",
            "useAnchor": "true",
            "useCollide": "true",
            "useForCollision": "false",
            "useGravity": "true",
            "useLodModel": "false",
            "useTextureAlpha": "false"
          }
        },
        {
          "attributes": [],
          "class": "MeshPart",
          "customProperties": [],
          "properties": {
            "angleVelocity": "x:0 y:0 z:0",
            "autoAnchor": "true",
            "bakeTextureWeight": "1",
            "batchType": "Dynamic",
            "bloom": "false",
            "booleanOperation": "0",
            "btsKey": "be3bd385-9a7b-4141-a7a7-7ae763acdfd5",
            "cameraCollideEnable": "true",
            "canAcceptShadow": "true",
            "canGenerateShadow": "true",
            "collisionFidelity": "0",
            "collisionGroup": "1",
            "collisionUniqueKey": "8780714326553362433",
            "customShapeData": "",
            "customThreshold": "1",
            "density": "2.2",
            "discardAlpha": "1",
            "friction": "0.37",
            "id": "8780749498941980673",
            "isLockedInEditor": "false",
            "isVisibleInEditor": "true",
            "lineVelocity": "x:0 y:0 z:0",
            "localAnchorPoint": "x:0 y:0 z:0",
            "lodData": {
              "lodModelItem": []
            },
            "lodGroup": "",
            "massCenter": "x:-1.5916455984116 y:1.2845278978348 z:-3.0092008113861",
            "materialAlpha": "1.0",
            "materialColor": "r:1.0 g:1.0 b:1.0 a:1.0",
            "materialOffset": "x:1 y:1 z:1.0",
            "materialTexture": "part_suliao.tga",
            "mesh": "asset/stone/shitou/dashi_02/.mesh",
            "metalness": "0",
            "name": "MeshPart",
            "needSync": "true",
            "originAnchor": "false",
            "partNavMeshType": "1",
            "position": "x:-1.5916455984116 y:1.2845278978348 z:-3.0092008113861",
            "restitution": "0.3",
            "rotation": "x:0 y:0 z:0",
            "roughness": "0.9",
            "scale": "x:0.791054 y:0.791054 z:0.791054",
            "selectable": "true",
            "staticBatchNo": "",
            "staticObject": "false",
            "useAnchor": "true",
            "useCollide": "true",
            "useForCollision": "false",
            "useGravity": "true",
            "useLodModel": "false",
            "useTextureAlpha": "false"
          }
        },
        {
          "attributes": [],
          "children": [
            {
              "attributes": [],
              "class": "MeshPart",
              "customProperties": [],
              "properties": {
                "angleVelocity": "x:0 y:0 z:0",
                "autoAnchor": "true",
                "bakeTextureWeight": "1",
                "batchType": "Dynamic",
                "bloom": "false",
                "booleanOperation": "0",
                "btsKey": "6459227b-4b94-433c-93d2-07ce51346dda",
                "cameraCollideEnable": "true",
                "canAcceptShadow": "true",
                "canGenerateShadow": "true",
                "collisionFidelity": "0",
                "collisionGroup": "1",
                "collisionUniqueKey": "8780714188532465665",
                "customShapeData": "",
                "customThreshold": "1",
                "density": "2.2",
                "discardAlpha": "1",
                "friction": "0.37",
                "id": "8780749498960494593",
                "isLockedInEditor": "false",
                "isVisibleInEditor": "true",
                "lineVelocity": "x:0 y:0 z:0",
                "localAnchorPoint": "x:0 y:0 z:0",
                "lodData": {
                  "lodModelItem": []
                },
                "lodGroup": "",
                "massCenter": "x:-1.7923120260239 y:1.473616361618 z:-1.6642336845398",
                "materialAlpha": "1.0",
                "materialColor": "r:1.0 g:1.0 b:1.0 a:1.0",
                "materialOffset": "x:1 y:1 z:1.0",
                "materialTexture": "part_suliao.tga",
                "mesh": "asset/stone/shitou/dashi_01/dashi_01.mesh",
                "metalness": "0",
                "name": "MeshPart",
                "needSync": "true",
                "originAnchor": "false",
                "partNavMeshType": "1",
                "position": "x:-1.7923120260239 y:1.473616361618 z:-1.6642336845398",
                "restitution": "0.3",
                "rotation": "x:0 y:0 z:90",
                "roughness": "0.9",
                "scale": "x:1 y:1 z:1",
                "selectable": "true",
                "staticBatchNo": "",
                "staticObject": "false",
                "useAnchor": "true",
                "useCollide": "true",
                "useForCollision": "false",
                "useGravity": "true",
                "useLodModel": "false",
                "useTextureAlpha": "false"
              }
            },
            {
              "attributes": [],
              "class": "MeshPart",
              "customProperties": [],
              "properties": {
                "angleVelocity": "x:0 y:0 z:0",
                "autoAnchor": "true",
                "bakeTextureWeight": "1",
                "batchType": "Dynamic",
                "bloom": "false",
                "booleanOperation": "0",
                "btsKey": "bce98e5e-619f-4557-8c87-58d6c3341a7e",
                "cameraCollideEnable": "true",
                "canAcceptShadow": "true",
                "canGenerateShadow": "true",
                "collisionFidelity": "0",
                "collisionGroup": "1",
                "collisionUniqueKey": "8780714188578340865",
                "customShapeData": "",
                "customThreshold": "1",
                "density": "2.2",
                "discardAlpha": "1",
                "friction": "0.37",
                "id": "8780749498970685441",
                "isLockedInEditor": "false",
                "isVisibleInEditor": "true",
                "lineVelocity": "x:0 y:0 z:0",
                "localAnchorPoint": "x:0 y:0 z:0",
                "lodData": {
                  "lodModelItem": []
                },
                "lodGroup": "",
                "massCenter": "x:-1.262316942215 y:1.4436166286469 z:-1.854236125946",
                "materialAlpha": "1.0",
                "materialColor": "r:1.0 g:1.0 b:1.0 a:1.0",
                "materialOffset": "x:1 y:1 z:1.0",
                "materialTexture": "part_suliao.tga",
                "mesh": "asset/stone/shitou/dashi_01/dashi_01.mesh",
                "metalness": "0",
                "name": "MeshPart",
                "needSync": "true",
                "originAnchor": "false",
                "partNavMeshType": "1",
                "position": "x:-1.262316942215 y:1.4436166286469 z:-1.854236125946",
                "restitution": "0.3",
                "rotation": "x:-5.0089556680177e-06 y:2.2311800421448e-05 z:-89.999992370605",
                "roughness": "0.9",
                "scale": "x:1 y:1 z:1",
                "selectable": "true",
                "staticBatchNo": "",
                "staticObject": "false",
                "useAnchor": "true",
                "useCollide": "true",
                "useForCollision": "false",
                "useGravity": "true",
                "useLodModel": "false",
                "useTextureAlpha": "false"
              }
            }
          ],
          "class": "Model",
          "customProperties": [],
          "properties": {
            "bakeTextureWeight": "1",
            "batchType": "Dynamic",
            "canAcceptShadow": "true",
            "canGenerateShadow": "true",
            "id": "8780749498957086721",
            "isVisibleInEditor": "true",
            "name": "Model",
            "needSync": "true",
            "position": "x:-1.5223150253296 y:1.4586174488068 z:-1.7592349052429",
            "rotation": "x:0 y:0 z:0",
            "selectable": "true",
            "useAnchor": "true",
            "useForCollision": "false"
          }
        }
      ],
      "class": "Model",
      "customProperties": [],
      "properties": {
        "bakeTextureWeight": "1",
        "batchType": "Dynamic",
        "canAcceptShadow": "true",
        "canGenerateShadow": "true",
        "id": "8780749498926710785",
        "isVisibleInEditor": "true",
        "name": "Model",
        "needSync": "true",
        "position": "x:-1.5809783935547 y:1.4586162567139 z:-2.7088541984558",
        "rotation": "x:0 y:0 z:0",
        "selectable": "true",
        "useAnchor": "false",
        "useForCollision": "false"
      }
    },
    {
      "attributes": [],
      "class": "Part",
      "customProperties": [],
      "properties": {
        "angleVelocity": "x:0 y:0 z:0",
        "bakeTextureWeight": "1",
        "batchType": "Dynamic",
        "bloom": "false",
        "booleanOperation": "0",
        "btsKey": "d1b7c48b-7c8c-4366-ab50-d4831c561ab4",
        "cameraCollideEnable": "true",
        "canAcceptShadow": "true",
        "canGenerateShadow": "true",
        "collisionFidelity": "0",
        "collisionGroup": "1",
        "collisionUniqueKey": "",
        "customThreshold": "1",
        "density": "4.5",
        "discardAlpha": "0.0",
        "friction": "0.53",
        "id": "8780750856002764801",
        "isLockedInEditor": "false",
        "isVisibleInEditor": "true",
        "lineVelocity": "x:0 y:0 z:0",
        "mass": "9.0",
        "massCenter": "x:0.35154581069946 y:0.87289988994598 z:-3.8219213485718",
        "materialAlpha": "1.0",
        "materialColor": "r:0.556862745098039 g:0.564705882352941 b:0.501960784313725 a:1.0",
        "materialOffset": "x:1 y:1 z:1.0",
        "materialTexture": "part_eluanshi.tga",
        "name": "Part",
        "needSync": "true",
        "partNavMeshType": "1",
        "position": "x:0.35154581069946 y:0.87289988994598 z:-3.8219213485718",
        "restitution": "0.17",
        "rotation": "x:0 y:0 z:0",
        "scale": "x:4 y:0.5 z:1",
        "selectable": "true",
        "shape": "1",
        "staticBatchNo": "",
        "staticObject": "false",
        "useAnchor": "true",
        "useCollide": "true",
        "useForCollision": "false",
        "useGravity": "true",
        "useTextureAlpha": "false"
      }
    },
    {
      "attributes": [],
      "class": "Part",
      "customProperties": [],
      "properties": {
        "angleVelocity": "x:0 y:0 z:0",
        "bakeTextureWeight": "1",
        "batchType": "Dynamic",
        "bloom": "false",
        "booleanOperation": "0",
        "btsKey": "0d26fc2f-5f03-4028-a29f-c56f497c8a7e",
        "cameraCollideEnable": "true",
        "canAcceptShadow": "true",
        "canGenerateShadow": "true",
        "collisionFidelity": "0",
        "collisionGroup": "1",
        "collisionUniqueKey": "",
        "customThreshold": "1",
        "density": "4.5",
        "discardAlpha": "0.0",
        "friction": "0.53",
        "id": "8780752134788399105",
        "isLockedInEditor": "false",
        "isVisibleInEditor": "true",
        "lineVelocity": "x:0 y:0 z:0",
        "mass": "9.0",
        "massCenter": "x:0.351545810699463 y:1.21390104293823 z:-3.24092078208923",
        "materialAlpha": "1.0",
        "materialColor": "r:0.556862745098039 g:0.564705882352941 b:0.501960784313725 a:1.0",
        "materialOffset": "x:1 y:1 z:1.0",
        "materialTexture": "part_eluanshi.tga",
        "name": "Part",
        "needSync": "true",
        "partNavMeshType": "1",
        "position": "x:0.351545810699463 y:1.21390104293823 z:-3.24092078208923",
        "restitution": "0.17",
        "rotation": "x:0 y:0 z:0",
        "scale": "x:4 y:0.5 z:1",
        "selectable": "true",
        "shape": "1",
        "staticBatchNo": "",
        "staticObject": "false",
        "useAnchor": "true",
        "useCollide": "true",
        "useForCollision": "false",
        "useGravity": "true",
        "useTextureAlpha": "false"
      }
    },
    {
      "attributes": [],
      "class": "Part",
      "customProperties": [],
      "properties": {
        "angleVelocity": "x:0 y:0 z:0",
        "bakeTextureWeight": "1",
        "batchType": "Dynamic",
        "bloom": "false",
        "booleanOperation": "0",
        "btsKey": "ef85f419-6529-4d80-83d5-1777b0b0ae50",
        "cameraCollideEnable": "true",
        "canAcceptShadow": "true",
        "canGenerateShadow": "true",
        "collisionFidelity": "0",
        "collisionGroup": "1",
        "collisionUniqueKey": "",
        "customThreshold": "1",
        "density": "4.5",
        "discardAlpha": "0.0",
        "friction": "0.53",
        "id": "8780752352397590529",
        "isLockedInEditor": "false",
        "isVisibleInEditor": "true",
        "lineVelocity": "x:0 y:0 z:0",
        "mass": "9.0",
        "massCenter": "x:0.351545810699463 y:1.71790027618408 z:-2.71292114257812",
        "materialAlpha": "1.0",
        "materialColor": "r:0.556862745098039 g:0.564705882352941 b:0.501960784313725 a:1.0",
        "materialOffset": "x:1 y:1 z:1.0",
        "materialTexture": "part_eluanshi.tga",
        "name": "Part",
        "needSync": "true",
        "partNavMeshType": "1",
        "position": "x:0.351545810699463 y:1.71790027618408 z:-2.71292114257812",
        "restitution": "0.17",
        "rotation": "x:0 y:0 z:0",
        "scale": "x:4 y:0.5 z:1",
        "selectable": "true",
        "shape": "1",
        "staticBatchNo": "",
        "staticObject": "false",
        "useAnchor": "true",
        "useCollide": "true",
        "useForCollision": "false",
        "useGravity": "true",
        "useTextureAlpha": "false"
      }
    },
    {
      "attributes": [],
      "class": "Part",
      "customProperties": [],
      "properties": {
        "angleVelocity": "x:0 y:0 z:0",
        "bakeTextureWeight": "1",
        "batchType": "Dynamic",
        "bloom": "false",
        "booleanOperation": "0",
        "btsKey": "cc249025-e446-461d-8a3e-ec2d92c2e534",
        "cameraCollideEnable": "true",
        "canAcceptShadow": "true",
        "canGenerateShadow": "true",
        "collisionFidelity": "0",
        "collisionGroup": "1",
        "collisionUniqueKey": "",
        "customThreshold": "1",
        "density": "4.5",
        "discardAlpha": "0.0",
        "friction": "0.53",
        "id": "8780752630687596545",
        "isLockedInEditor": "false",
        "isVisibleInEditor": "true",
        "lineVelocity": "x:0 y:0 z:0",
        "mass": "9.0",
        "massCenter": "x:0.351545810699463 y:2.73989963531494 z:-1.52392053604126",
        "materialAlpha": "1.0",
        "materialColor": "r:0.556862745098039 g:0.564705882352941 b:0.501960784313725 a:1.0",
        "materialOffset": "x:1 y:1 z:1.0",
        "materialTexture": "part_eluanshi.tga",
        "name": "Part",
        "needSync": "true",
        "partNavMeshType": "1",
        "position": "x:0.351545810699463 y:2.73989963531494 z:-1.52392053604126",
        "restitution": "0.17",
        "rotation": "x:0 y:0 z:0",
        "scale": "x:4 y:0.5 z:1",
        "selectable": "true",
        "shape": "1",
        "staticBatchNo": "",
        "staticObject": "false",
        "useAnchor": "true",
        "useCollide": "true",
        "useForCollision": "false",
        "useGravity": "true",
        "useTextureAlpha": "false"
      }
    },
    {
      "attributes": [],
      "class": "Entity",
      "config": "myplugin/TownStartPlayer",
      "customProperties": [],
      "properties": {
        "bakeTextureWeight": "1",
        "batchType": "Dynamic",
        "canAcceptShadow": "true",
        "canGenerateShadow": "true",
        "collisionGroup": "1",
        "id": "8780842704351297537",
        "isVisibleInEditor": "true",
        "name": "entity_TownStartPlayer",
        "needSync": "true",
        "position": "x:-8.1718139648438 y:1.0428974628448 z:-3.1088733673096",
        "rotation": "x:0 y:113.99784088135 z:0",
        "scale": "x:1 y:1 z:1",
        "selectable": "true",
        "useAnchor": "false",
        "useForCollision": "false"
      }
    },
    {
      "attributes": [],
      "class": "Entity",
      "config": "myplugin/TestCharacter1",
      "customProperties": [],
      "properties": {
        "bakeTextureWeight": "1",
        "batchType": "Dynamic",
        "canAcceptShadow": "true",
        "canGenerateShadow": "true",
        "collisionGroup": "1",
        "id": "8780855556070408193",
        "isVisibleInEditor": "true",
        "name": "entity_TestCharacter1",
        "needSync": "true",
        "position": "x:7.8300633430481 y:3.29889869689941 z:8.43895816802979",
        "rotation": "x:0 y:119.999137878418 z:0",
        "scale": "x:1 y:1 z:1",
        "selectable": "true",
        "useAnchor": "false",
        "useForCollision": "false"
      }
    },
    {
      "attributes": [],
      "class": "MeshPart",
      "customProperties": [],
      "properties": {
        "angleVelocity": "x:0 y:0 z:0",
        "autoAnchor": "true",
        "bakeTextureWeight": "1",
        "batchType": "Dynamic",
        "bloom": "false",
        "booleanOperation": "0",
        "btsKey": "0d122a2c-bb31-44e3-b5a2-d4d95e49bba3",
        "cameraCollideEnable": "true",
        "canAcceptShadow": "true",
        "canGenerateShadow": "true",
        "collisionFidelity": "0",
        "collisionGroup": "1",
        "collisionUniqueKey": "8780714749368680449",
        "customShapeData": "",
        "customThreshold": "1",
        "density": "2.2",
        "discardAlpha": "1",
        "friction": "0.37",
        "id": "8784377195643633665",
        "isLockedInEditor": "false",
        "isVisibleInEditor": "true",
        "lineVelocity": "x:0 y:0 z:0",
        "localAnchorPoint": "x:0 y:0 z:0",
        "lodData": {
          "lodModelItem": []
        },
        "lodGroup": "",
        "mass": "9806.8083007813",
        "massCenter": "x:-4.5809960365295 y:-3.2668807506561 z:19.068004608154",
        "materialAlpha": "1.0",
        "materialColor": "r:1.0 g:1.0 b:1.0 a:1.0",
        "materialOffset": "x:1 y:1 z:1.0",
        "materialTexture": "part_suliao.tga",
        "mesh": "asset/Mesh/Small Purple Cherry Blossom Island/g2030_island_yinghua_2.mesh",
        "metalness": "0",
        "name": "MeshPart",
        "needSync": "true",
        "originAnchor": "false",
        "partNavMeshType": "1",
        "position": "x:-4.5809960365295 y:-3.2668807506561 z:19.068004608154",
        "restitution": "0.3",
        "rotation": "x:0 y:180 z:0",
        "roughness": "0.9",
        "scale": "x:2.14879 y:2.14881 z:2.14879",
        "selectable": "true",
        "staticBatchNo": "",
        "staticObject": "false",
        "useAnchor": "true",
        "useCollide": "true",
        "useForCollision": "false",
        "useGravity": "true",
        "useLodModel": "false",
        "useTextureAlpha": "false"
      }
    },
    {
      "attributes": [],
      "class": "MeshPart",
      "customProperties": [],
      "properties": {
        "angleVelocity": "x:0 y:0 z:0",
        "autoAnchor": "true",
        "bakeTextureWeight": "1",
        "batchType": "Dynamic",
        "bloom": "false",
        "booleanOperation": "0",
        "btsKey": "e0b8e602-5a3f-4f36-b201-735294c4e5a7",
        "cameraCollideEnable": "true",
        "canAcceptShadow": "true",
        "canGenerateShadow": "true",
        "collisionFidelity": "0",
        "collisionGroup": "1",
        "collisionUniqueKey": "8780714749368680449",
        "customShapeData": "",
        "customThreshold": "1",
        "density": "2.2",
        "discardAlpha": "1",
        "friction": "0.37",
        "id": "8784380586152099841",
        "isLockedInEditor": "false",
        "isVisibleInEditor": "true",
        "lineVelocity": "x:0 y:0 z:0",
        "localAnchorPoint": "x:0 y:0 z:0",
        "lodData": {
          "lodModelItem": []
        },
        "lodGroup": "",
        "mass": "64.637198257446",
        "massCenter": "x:-0.442129969596863 y:5.91611623764038 z:11.4139575958252",
        "materialAlpha": "1.0",
        "materialColor": "r:1.0 g:1.0 b:1.0 a:1.0",
        "materialOffset": "x:1 y:1 z:1.0",
        "materialTexture": "part_suliao.tga",
        "mesh": "asset/Mesh/Small Purple Cherry Blossom Island/g2030_men_1.mesh",
        "metalness": "0",
        "name": "MeshPart",
        "needSync": "true",
        "originAnchor": "false",
        "partNavMeshType": "1",
        "position": "x:-0.442129969596863 y:5.91611623764038 z:11.4139575958252",
        "restitution": "0.3",
        "rotation": "x:0 y:161 z:0",
        "roughness": "0.9",
        "scale": "x:1.2211 y:1.22112 z:1.2211",
        "selectable": "true",
        "staticBatchNo": "",
        "staticObject": "false",
        "useAnchor": "true",
        "useCollide": "true",
        "useForCollision": "false",
        "useGravity": "true",
        "useLodModel": "false",
        "useTextureAlpha": "false"
      }
    },
    {
      "attributes": [],
      "class": "MeshPart",
      "customProperties": [],
      "properties": {
        "angleVelocity": "x:0 y:0 z:0",
        "autoAnchor": "true",
        "bakeTextureWeight": "1",
        "batchType": "Dynamic",
        "bloom": "false",
        "booleanOperation": "0",
        "btsKey": "0d8add30-1b20-4a0d-9c0f-ecc9ea172b68",
        "cameraCollideEnable": "true",
        "canAcceptShadow": "true",
        "canGenerateShadow": "true",
        "collisionFidelity": "0",
        "collisionGroup": "1",
        "collisionUniqueKey": "8780714663660224513",
        "customShapeData": "",
        "customThreshold": "1",
        "density": "2.2",
        "discardAlpha": "1",
        "friction": "0.37",
        "id": "8784386473214853121",
        "isLockedInEditor": "false",
        "isVisibleInEditor": "true",
        "lineVelocity": "x:0 y:0 z:0",
        "localAnchorPoint": "x:0 y:0 z:0",
        "lodData": {
          "lodModelItem": []
        },
        "lodGroup": "",
        "mass": "1372.241809082",
        "massCenter": "x:-13.466174125671 y:4.1386547088623 z:18.659254074097",
        "materialAlpha": "1.0",
        "materialColor": "r:1.0 g:1.0 b:1.0 a:1.0",
        "materialOffset": "x:1 y:1 z:1.0",
        "materialTexture": "part_suliao.tga",
        "mesh": "asset/stone/shitou/dashi_01/dashi_01.mesh",
        "metalness": "0",
        "name": "MeshPart",
        "needSync": "true",
        "originAnchor": "false",
        "partNavMeshType": "1",
        "position": "x:-13.466174125671 y:4.1386547088623 z:18.659254074097",
        "restitution": "0.3",
        "rotation": "x:-82.023193359375 y:104.53813171387 z:174.71505737305",
        "roughness": "0.9",
        "scale": "x:5.03448 y:5.03448 z:5.03447",
        "selectable": "true",
        "staticBatchNo": "",
        "staticObject": "false",
        "useAnchor": "true",
        "useCollide": "true",
        "useForCollision": "false",
        "useGravity": "true",
        "useLodModel": "false",
        "useTextureAlpha": "false"
      }
    },
    {
      "attributes": [],
      "class": "MeshPart",
      "customProperties": [],
      "properties": {
        "angleVelocity": "x:0 y:0 z:0",
        "autoAnchor": "true",
        "bakeTextureWeight": "1",
        "batchType": "Dynamic",
        "bloom": "false",
        "booleanOperation": "0",
        "btsKey": "0d8add30-1b20-4a0d-9c0f-ecc9ea172b68",
        "cameraCollideEnable": "true",
        "canAcceptShadow": "true",
        "canGenerateShadow": "true",
        "collisionFidelity": "0",
        "collisionGroup": "1",
        "collisionUniqueKey": "8780714663660224513",
        "customShapeData": "",
        "customThreshold": "1",
        "density": "2.2",
        "discardAlpha": "1",
        "friction": "0.37",
        "id": "8784387207010500609",
        "isLockedInEditor": "false",
        "isVisibleInEditor": "true",
        "lineVelocity": "x:0 y:0 z:0",
        "localAnchorPoint": "x:0 y:0 z:0",
        "lodData": {
          "lodModelItem": []
        },
        "lodGroup": "",
        "mass": "3317.6588134766",
        "massCenter": "x:-8.0458698272705 y:3.4362473487854 z:26.740036010742",
        "materialAlpha": "1.0",
        "materialColor": "r:1.0 g:1.0 b:1.0 a:1.0",
        "materialOffset": "x:1 y:1 z:1.0",
        "materialTexture": "part_suliao.tga",
        "mesh": "asset/stone/shitou/dashi_01/dashi_01.mesh",
        "metalness": "0",
        "name": "MeshPart",
        "needSync": "true",
        "originAnchor": "false",
        "partNavMeshType": "1",
        "position": "x:-8.0458698272705 y:3.4362473487854 z:26.740036010742",
        "restitution": "0.3",
        "rotation": "x:-82.023139953613 y:104.53769683838 z:64.71549987793",
        "roughness": "0.9",
        "scale": "x:6.56213 y:6.56213 z:6.56212",
        "selectable": "true",
        "staticBatchNo": "",
        "staticObject": "false",
        "useAnchor": "true",
        "useCollide": "true",
        "useForCollision": "false",
        "useGravity": "true",
        "useLodModel": "false",
        "useTextureAlpha": "false"
      }
    },
    {
      "attributes": [],
      "class": "MeshPart",
      "customProperties": [],
      "properties": {
        "angleVelocity": "x:0 y:0 z:0",
        "autoAnchor": "true",
        "bakeTextureWeight": "1",
        "batchType": "Dynamic",
        "bloom": "false",
        "booleanOperation": "0",
        "btsKey": "0d8add30-1b20-4a0d-9c0f-ecc9ea172b68",
        "cameraCollideEnable": "true",
        "canAcceptShadow": "true",
        "canGenerateShadow": "true",
        "collisionFidelity": "0",
        "collisionGroup": "1",
        "collisionUniqueKey": "8780714663660224513",
        "customShapeData": "",
        "customThreshold": "1",
        "density": "2.2",
        "discardAlpha": "1",
        "friction": "0.37",
        "id": "8784388817000693761",
        "isLockedInEditor": "false",
        "isVisibleInEditor": "true",
        "lineVelocity": "x:0 y:0 z:0",
        "localAnchorPoint": "x:0 y:0 z:0",
        "lodData": {
          "lodModelItem": []
        },
        "lodGroup": "",
        "mass": "4093.1053710938",
        "massCenter": "x:3.1476430892944 y:2.3989644050598 z:26.352197647095",
        "materialAlpha": "1.0",
        "materialColor": "r:1.0 g:1.0 b:1.0 a:1.0",
        "materialOffset": "x:1 y:1 z:1.0",
        "materialTexture": "part_suliao.tga",
        "mesh": "asset/stone/shitou/dashi_01/dashi_01.mesh",
        "metalness": "0",
        "name": "MeshPart",
        "needSync": "true",
        "originAnchor": "false",
        "partNavMeshType": "1",
        "position": "x:3.1476430892944 y:2.3989644050598 z:26.352197647095",
        "restitution": "0.3",
        "rotation": "x:83.852439880371 y:119.85525512695 z:98.716033935547",
        "roughness": "0.9",
        "scale": "x:6.56213 y:6.56213 z:6.56212",
        "selectable": "true",
        "staticBatchNo": "",
        "staticObject": "false",
        "useAnchor": "true",
        "useCollide": "true",
        "useForCollision": "false",
        "useGravity": "true",
        "useLodModel": "false",
        "useTextureAlpha": "false"
      }
    },
    {
      "attributes": [],
      "class": "MeshPart",
      "customProperties": [],
      "properties": {
        "angleVelocity": "x:0 y:0 z:0",
        "autoAnchor": "true",
        "bakeTextureWeight": "1",
        "batchType": "Dynamic",
        "bloom": "false",
        "booleanOperation": "0",
        "btsKey": "7852949f-6bec-4ebf-afc8-55944c9f27bd",
        "cameraCollideEnable": "true",
        "canAcceptShadow": "true",
        "canGenerateShadow": "true",
        "collisionFidelity": "0",
        "collisionGroup": "1",
        "collisionUniqueKey": "8780714749368680449",
        "customShapeData": "",
        "customThreshold": "1",
        "density": "2.2",
        "discardAlpha": "1",
        "friction": "0.37",
        "id": "8784408940098928641",
        "isLockedInEditor": "false",
        "isVisibleInEditor": "true",
        "lineVelocity": "x:0 y:0 z:0",
        "localAnchorPoint": "x:0 y:0 z:0",
        "lodData": {
          "lodModelItem": []
        },
        "lodGroup": "",
        "mass": "512.89356384277",
        "massCenter": "x:-6.9939970970154 y:3.4761185646057 z:20.205005645752",
        "materialAlpha": "1.0",
        "materialColor": "r:1.0 g:1.0 b:1.0 a:1.0",
        "materialOffset": "x:1 y:1 z:1.0",
        "materialTexture": "part_suliao.tga",
        "mesh": "asset/Mesh/Small Purple Cherry Blossom Island/g2030_yinghua_1.mesh",
        "metalness": "0",
        "name": "MeshPart",
        "needSync": "true",
        "originAnchor": "false",
        "partNavMeshType": "1",
        "position": "x:-6.9939970970154 y:3.4761185646057 z:20.205005645752",
        "restitution": "0.3",
        "rotation": "x:0 y:153.00004577637 z:0",
        "roughness": "0.9",
        "scale": "x:2.12064 y:2.12066 z:2.12064",
        "selectable": "true",
        "staticBatchNo": "",
        "staticObject": "false",
        "useAnchor": "true",
        "useCollide": "true",
        "useForCollision": "false",
        "useGravity": "true",
        "useLodModel": "false",
        "useTextureAlpha": "false"
      }
    },
    {
      "attributes": [],
      "class": "MeshPart",
      "customProperties": [],
      "properties": {
        "angleVelocity": "x:0 y:0 z:0",
        "autoAnchor": "true",
        "bakeTextureWeight": "1",
        "batchType": "Dynamic",
        "bloom": "false",
        "booleanOperation": "0",
        "btsKey": "5d04237b-5cd7-4c9f-8526-c559d70bb621",
        "cameraCollideEnable": "true",
        "canAcceptShadow": "true",
        "canGenerateShadow": "true",
        "collisionFidelity": "0",
        "collisionGroup": "1",
        "collisionUniqueKey": "8780714369993342977",
        "customShapeData": "",
        "customThreshold": "1",
        "density": "2.2",
        "discardAlpha": "1",
        "friction": "0.37",
        "id": "8784410336745684993",
        "isLockedInEditor": "false",
        "isVisibleInEditor": "true",
        "lineVelocity": "x:0 y:0 z:0",
        "localAnchorPoint": "x:0 y:0 z:0",
        "lodData": {
          "lodModelItem": []
        },
        "lodGroup": "",
        "mass": "35692.445507813",
        "massCenter": "x:-2.8526222705841 y:-2.2739372253418 z:-8.9616861343384",
        "materialAlpha": "1.0",
        "materialColor": "r:1.0 g:1.0 b:1.0 a:1.0",
        "materialOffset": "x:1 y:1 z:1.0",
        "materialTexture": "part_suliao.tga",
        "mesh": "asset/Mesh/Small Purple Stone Island/g2030_island_yinghua_1.mesh",
        "metalness": "0",
        "name": "MeshPart",
        "needSync": "true",
        "originAnchor": "false",
        "partNavMeshType": "1",
        "position": "x:-2.8526222705841 y:-2.2739372253418 z:-8.9616861343384",
        "restitution": "0.3",
        "rotation": "x:0 y:136 z:0",
        "roughness": "0.9",
        "scale": "x:6.84042 y:6.84043 z:6.84043",
        "selectable": "true",
        "staticBatchNo": "",
        "staticObject": "false",
        "useAnchor": "true",
        "useCollide": "true",
        "useForCollision": "false",
        "useGravity": "true",
        "useLodModel": "false",
        "useTextureAlpha": "false"
      }
    },
    {
      "attributes": [],
      "class": "MeshPart",
      "customProperties": [],
      "properties": {
        "angleVelocity": "x:0 y:0 z:0",
        "autoAnchor": "true",
        "bakeTextureWeight": "1",
        "batchType": "Dynamic",
        "bloom": "false",
        "booleanOperation": "0",
        "btsKey": "5d04237b-5cd7-4c9f-8526-c559d70bb621",
        "cameraCollideEnable": "true",
        "canAcceptShadow": "true",
        "canGenerateShadow": "true",
        "collisionFidelity": "0",
        "collisionGroup": "1",
        "collisionUniqueKey": "8780714369993342977",
        "customShapeData": "",
        "customThreshold": "1",
        "density": "2.2",
        "discardAlpha": "1",
        "friction": "0.37",
        "id": "8784412926263214081",
        "isLockedInEditor": "false",
        "isVisibleInEditor": "true",
        "lineVelocity": "x:0 y:0 z:0",
        "localAnchorPoint": "x:0 y:0 z:0",
        "lodData": {
          "lodModelItem": []
        },
        "lodGroup": "",
        "mass": "35081.378320313",
        "massCenter": "x:5.02485799789429 y:-3.00147008895874 z:5.34827899932861",
        "materialAlpha": "1.0",
        "materialColor": "r:1.0 g:1.0 b:1.0 a:1.0",
        "materialOffset": "x:1 y:1 z:1.0",
        "materialTexture": "part_suliao.tga",
        "mesh": "asset/Mesh/Large Purple Stone Island/g2030_island_yinghua_2.mesh",
        "metalness": "0",
        "name": "MeshPart",
        "needSync": "true",
        "originAnchor": "false",
        "partNavMeshType": "1",
        "position": "x:5.02485799789429 y:-3.00147008895874 z:5.34827899932861",
        "restitution": "0.3",
        "rotation": "x:0 y:171.99995422363 z:0",
        "roughness": "0.9",
        "scale": "x:3.0083 y:3.00831 z:3.00831",
        "selectable": "true",
        "staticBatchNo": "",
        "staticObject": "false",
        "useAnchor": "true",
        "useCollide": "true",
        "useForCollision": "false",
        "useGravity": "true",
        "useLodModel": "false",
        "useTextureAlpha": "false"
      }
    },
    {
      "attributes": [],
      "class": "MeshPart",
      "customProperties": [],
      "properties": {
        "angleVelocity": "x:0 y:0 z:0",
        "autoAnchor": "true",
        "bakeTextureWeight": "1",
        "batchType": "Dynamic",
        "bloom": "false",
        "booleanOperation": "0",
        "btsKey": "0d8add30-1b20-4a0d-9c0f-ecc9ea172b68",
        "cameraCollideEnable": "true",
        "canAcceptShadow": "true",
        "canGenerateShadow": "true",
        "collisionFidelity": "0",
        "collisionGroup": "1",
        "collisionUniqueKey": "8780714663660224513",
        "customShapeData": "",
        "customThreshold": "1",
        "density": "2.2",
        "discardAlpha": "1",
        "friction": "0.37",
        "id": "8784415788377489409",
        "isLockedInEditor": "false",
        "isVisibleInEditor": "true",
        "lineVelocity": "x:0 y:0 z:0",
        "localAnchorPoint": "x:0 y:0 z:0",
        "lodData": {
          "lodModelItem": []
        },
        "lodGroup": "",
        "mass": "6804.7745605469",
        "massCenter": "x:-9.3148632049561 y:1.7345794439316 z:8.3054122924805",
        "materialAlpha": "1.0",
        "materialColor": "r:1.0 g:1.0 b:1.0 a:1.0",
        "materialOffset": "x:1 y:1 z:1.0",
        "materialTexture": "part_suliao.tga",
        "mesh": "asset/stone/shitou/dashi_01/dashi_01.mesh",
        "metalness": "0",
        "name": "MeshPart",
        "needSync": "true",
        "originAnchor": "false",
        "partNavMeshType": "1",
        "position": "x:-9.3148632049561 y:1.7345794439316 z:8.3054122924805",
        "restitution": "0.3",
        "rotation": "x:-70.999855041504 y:77.99983215332 z:-114.99983215332",
        "roughness": "0.9",
        "scale": "x:6.56213 y:6.56213 z:6.56212",
        "selectable": "true",
        "staticBatchNo": "",
        "staticObject": "false",
        "useAnchor": "true",
        "useCollide": "true",
        "useForCollision": "false",
        "useGravity": "true",
        "useLodModel": "false",
        "useTextureAlpha": "false"
      }
    },
    {
      "attributes": [],
      "class": "MeshPart",
      "customProperties": [],
      "properties": {
        "angleVelocity": "x:0 y:0 z:0",
        "autoAnchor": "true",
        "bakeTextureWeight": "1",
        "batchType": "Dynamic",
        "bloom": "false",
        "booleanOperation": "0",
        "btsKey": "0d8add30-1b20-4a0d-9c0f-ecc9ea172b68",
        "cameraCollideEnable": "true",
        "canAcceptShadow": "true",
        "canGenerateShadow": "true",
        "collisionFidelity": "0",
        "collisionGroup": "1",
        "collisionUniqueKey": "8780714663660224513",
        "customShapeData": "",
        "customThreshold": "1",
        "density": "2.2",
        "discardAlpha": "1",
        "friction": "0.37",
        "id": "8784436253316104193",
        "isLockedInEditor": "false",
        "isVisibleInEditor": "true",
        "lineVelocity": "x:0 y:0 z:0",
        "localAnchorPoint": "x:0 y:0 z:0",
        "lodData": {
          "lodModelItem": []
        },
        "lodGroup": "",
        "mass": "3526.8811767578",
        "massCenter": "x:-13.017818450928 y:3.6788156032562 z:-1.0007340908051",
        "materialAlpha": "1.0",
        "materialColor": "r:1.0 g:1.0 b:1.0 a:1.0",
        "materialOffset": "x:1 y:1 z:1.0",
        "materialTexture": "part_suliao.tga",
        "mesh": "asset/stone/shitou/dashi_01/dashi_01.mesh",
        "metalness": "0",
        "name": "MeshPart",
        "needSync": "true",
        "originAnchor": "false",
        "partNavMeshType": "1",
        "position": "x:-13.017818450928 y:3.6788156032562 z:-1.0007340908051",
        "restitution": "0.3",
        "rotation": "x:74.999954223633 y:-0.000266990828095 z:-81.000267028809",
        "roughness": "0.9",
        "scale": "x:6.56213 y:6.56213 z:6.56212",
        "selectable": "true",
        "staticBatchNo": "",
        "staticObject": "false",
        "useAnchor": "true",
        "useCollide": "true",
        "useForCollision": "false",
        "useGravity": "true",
        "useLodModel": "false",
        "useTextureAlpha": "false"
      }
    },
    {
      "attributes": [],
      "class": "MeshPart",
      "customProperties": [],
      "properties": {
        "angleVelocity": "x:0 y:0 z:0",
        "autoAnchor": "true",
        "bakeTextureWeight": "1",
        "batchType": "Dynamic",
        "bloom": "false",
        "booleanOperation": "0",
        "btsKey": "0d8add30-1b20-4a0d-9c0f-ecc9ea172b68",
        "cameraCollideEnable": "true",
        "canAcceptShadow": "true",
        "canGenerateShadow": "true",
        "collisionFidelity": "0",
        "collisionGroup": "1",
        "collisionUniqueKey": "8780714663660224513",
        "customShapeData": "",
        "customThreshold": "1",
        "density": "2.2",
        "discardAlpha": "1",
        "friction": "0.37",
        "id": "8784438852632117249",
        "isLockedInEditor": "false",
        "isVisibleInEditor": "true",
        "lineVelocity": "x:0 y:0 z:0",
        "localAnchorPoint": "x:0 y:0 z:0",
        "lodData": {
          "lodModelItem": []
        },
        "lodGroup": "",
        "mass": "4588.6725585938",
        "massCenter": "x:-12.262107849121 y:0.96174764633179 z:-11.140934944153",
        "materialAlpha": "1.0",
        "materialColor": "r:1.0 g:1.0 b:1.0 a:1.0",
        "materialOffset": "x:1 y:1 z:1.0",
        "materialTexture": "part_suliao.tga",
        "mesh": "asset/stone/shitou/dashi_01/dashi_01.mesh",
        "metalness": "0",
        "name": "MeshPart",
        "needSync": "true",
        "originAnchor": "false",
        "partNavMeshType": "1",
        "position": "x:-12.262107849121 y:0.96174764633179 z:-11.140934944153",
        "restitution": "0.3",
        "rotation": "x:74.999954223633 y:-0.00022114359308034 z:-72.000221252441",
        "roughness": "0.9",
        "scale": "x:6.56213 y:6.56213 z:6.56212",
        "selectable": "true",
        "staticBatchNo": "",
        "staticObject": "false",
        "useAnchor": "true",
        "useCollide": "true",
        "useForCollision": "false",
        "useGravity": "true",
        "useLodModel": "false",
        "useTextureAlpha": "false"
      }
    },
    {
      "attributes": [],
      "class": "MeshPart",
      "customProperties": [],
      "properties": {
        "angleVelocity": "x:0 y:0 z:0",
        "autoAnchor": "true",
        "bakeTextureWeight": "1",
        "batchType": "Dynamic",
        "bloom": "false",
        "booleanOperation": "0",
        "btsKey": "0d8add30-1b20-4a0d-9c0f-ecc9ea172b68",
        "cameraCollideEnable": "true",
        "canAcceptShadow": "true",
        "canGenerateShadow": "true",
        "collisionFidelity": "0",
        "collisionGroup": "1",
        "collisionUniqueKey": "8780714663660224513",
        "customShapeData": "",
        "customThreshold": "1",
        "density": "2.2",
        "discardAlpha": "1",
        "friction": "0.37",
        "id": "8784439225672613889",
        "isLockedInEditor": "false",
        "isVisibleInEditor": "true",
        "lineVelocity": "x:0 y:0 z:0",
        "localAnchorPoint": "x:0 y:0 z:0",
        "lodData": {
          "lodModelItem": []
        },
        "lodGroup": "",
        "mass": "1541.1260498047",
        "massCenter": "x:-4.8911094665527 y:2.9525771141052 z:-18.117959976196",
        "materialAlpha": "1.0",
        "materialColor": "r:1.0 g:1.0 b:1.0 a:1.0",
        "materialOffset": "x:1 y:1 z:1.0",
        "materialTexture": "part_suliao.tga",
        "mesh": "asset/stone/shitou/dashi_01/dashi_01.mesh",
        "metalness": "0",
        "name": "MeshPart",
        "needSync": "true",
        "originAnchor": "false",
        "partNavMeshType": "1",
        "position": "x:-4.8911094665527 y:2.9525771141052 z:-18.117959976196",
        "restitution": "0.3",
        "rotation": "x:0 y:0 z:0",
        "roughness": "0.9",
        "scale": "x:6.56213 y:6.56213 z:6.56212",
        "selectable": "true",
        "staticBatchNo": "",
        "staticObject": "false",
        "useAnchor": "true",
        "useCollide": "true",
        "useForCollision": "false",
        "useGravity": "true",
        "useLodModel": "false",
        "useTextureAlpha": "false"
      }
    },
    {
      "attributes": [],
      "class": "MeshPart",
      "customProperties": [],
      "properties": {
        "angleVelocity": "x:0 y:0 z:0",
        "autoAnchor": "true",
        "bakeTextureWeight": "1",
        "batchType": "Dynamic",
        "bloom": "false",
        "booleanOperation": "0",
        "btsKey": "0d8add30-1b20-4a0d-9c0f-ecc9ea172b68",
        "cameraCollideEnable": "true",
        "canAcceptShadow": "true",
        "canGenerateShadow": "true",
        "collisionFidelity": "0",
        "collisionGroup": "1",
        "collisionUniqueKey": "8780714663660224513",
        "customShapeData": "",
        "customThreshold": "1",
        "density": "2.2",
        "discardAlpha": "1",
        "friction": "0.37",
        "id": "8784440205989642241",
        "isLockedInEditor": "false",
        "isVisibleInEditor": "true",
        "lineVelocity": "x:0 y:0 z:0",
        "localAnchorPoint": "x:0 y:0 z:0",
        "lodData": {
          "lodModelItem": []
        },
        "lodGroup": "",
        "mass": "3444.9607177734",
        "massCenter": "x:5.0138912200928 y:2.3729271888733 z:-16.55242729187",
        "materialAlpha": "1.0",
        "materialColor": "r:1.0 g:1.0 b:1.0 a:1.0",
        "materialOffset": "x:1 y:1 z:1.0",
        "materialTexture": "part_suliao.tga",
        "mesh": "asset/stone/shitou/dashi_01/dashi_01.mesh",
        "metalness": "0",
        "name": "MeshPart",
        "needSync": "true",
        "originAnchor": "false",
        "partNavMeshType": "1",
        "position": "x:5.0138912200928 y:2.3729271888733 z:-16.55242729187",
        "restitution": "0.3",
        "rotation": "x:52.999992370605 y:0 z:0",
        "roughness": "0.9",
        "scale": "x:6.56213 y:6.56213 z:6.56212",
        "selectable": "true",
        "staticBatchNo": "",
        "staticObject": "false",
        "useAnchor": "true",
        "useCollide": "true",
        "useForCollision": "false",
        "useGravity": "true",
        "useLodModel": "false",
        "useTextureAlpha": "false"
      }
    },
    {
      "attributes": [],
      "class": "MeshPart",
      "customProperties": [],
      "properties": {
        "angleVelocity": "x:0 y:0 z:0",
        "autoAnchor": "true",
        "bakeTextureWeight": "1",
        "batchType": "Dynamic",
        "bloom": "false",
        "booleanOperation": "0",
        "btsKey": "0d8add30-1b20-4a0d-9c0f-ecc9ea172b68",
        "cameraCollideEnable": "true",
        "canAcceptShadow": "true",
        "canGenerateShadow": "true",
        "collisionFidelity": "0",
        "collisionGroup": "1",
        "collisionUniqueKey": "8780714663660224513",
        "customShapeData": "",
        "customThreshold": "1",
        "density": "2.2",
        "discardAlpha": "1",
        "friction": "0.37",
        "id": "8784440768543342593",
        "isLockedInEditor": "false",
        "isVisibleInEditor": "true",
        "lineVelocity": "x:0 y:0 z:0",
        "localAnchorPoint": "x:0 y:0 z:0",
        "lodData": {
          "lodModelItem": []
        },
        "lodGroup": "",
        "mass": "7157.5420898438",
        "massCenter": "x:10.675777435303 y:4.0646958351135 z:-14.307375907898",
        "materialAlpha": "1.0",
        "materialColor": "r:1.0 g:1.0 b:1.0 a:1.0",
        "materialOffset": "x:1 y:1 z:1.0",
        "materialTexture": "part_suliao.tga",
        "mesh": "asset/stone/shitou/dashi_01/dashi_01.mesh",
        "metalness": "0",
        "name": "MeshPart",
        "needSync": "true",
        "originAnchor": "false",
        "partNavMeshType": "1",
        "position": "x:10.675777435303 y:4.0646958351135 z:-14.307375907898",
        "restitution": "0.3",
        "rotation": "x:52.999977111816 y:3.4706321457634e-05 z:63.000022888184",
        "roughness": "0.9",
        "scale": "x:6.56213 y:6.56213 z:6.56212",
        "selectable": "true",
        "staticBatchNo": "",
        "staticObject": "false",
        "useAnchor": "true",
        "useCollide": "true",
        "useForCollision": "false",
        "useGravity": "true",
        "useLodModel": "false",
        "useTextureAlpha": "false"
      }
    },
    {
      "attributes": [],
      "class": "MeshPart",
      "customProperties": [],
      "properties": {
        "angleVelocity": "x:0 y:0 z:0",
        "autoAnchor": "true",
        "bakeTextureWeight": "1",
        "batchType": "Dynamic",
        "bloom": "false",
        "booleanOperation": "0",
        "btsKey": "0d8add30-1b20-4a0d-9c0f-ecc9ea172b68",
        "cameraCollideEnable": "true",
        "canAcceptShadow": "true",
        "canGenerateShadow": "true",
        "collisionFidelity": "0",
        "collisionGroup": "1",
        "collisionUniqueKey": "8780714663660224513",
        "customShapeData": "",
        "customThreshold": "1",
        "density": "2.2",
        "discardAlpha": "1",
        "friction": "0.37",
        "id": "8784441395084820481",
        "isLockedInEditor": "false",
        "isVisibleInEditor": "true",
        "lineVelocity": "x:0 y:0 z:0",
        "localAnchorPoint": "x:0 y:0 z:0",
        "lodData": {
          "lodModelItem": []
        },
        "lodGroup": "",
        "mass": "4735.7137695313",
        "massCenter": "x:10.123162269592 y:3.3564813137054 z:-9.1984539031982",
        "materialAlpha": "1.0",
        "materialColor": "r:1.0 g:1.0 b:1.0 a:1.0",
        "materialOffset": "x:1 y:1 z:1.0",
        "materialTexture": "part_suliao.tga",
        "mesh": "asset/stone/shitou/dashi_01/dashi_01.mesh",
        "metalness": "0",
        "name": "MeshPart",
        "needSync": "true",
        "originAnchor": "false",
        "partNavMeshType": "1",
        "position": "x:10.123162269592 y:3.3564813137054 z:-9.1984539031982",
        "restitution": "0.3",
        "rotation": "x:73.35767364502 y:-86.019348144531 z:21.551729202271",
        "roughness": "0.9",
        "scale": "x:6.56213 y:6.56213 z:6.56212",
        "selectable": "true",
        "staticBatchNo": "",
        "staticObject": "false",
        "useAnchor": "true",
        "useCollide": "true",
        "useForCollision": "false",
        "useGravity": "true",
        "useLodModel": "false",
        "useTextureAlpha": "false"
      }
    },
    {
      "attributes": [],
      "class": "MeshPart",
      "customProperties": [],
      "properties": {
        "angleVelocity": "x:0 y:0 z:0",
        "autoAnchor": "true",
        "bakeTextureWeight": "1",
        "batchType": "Dynamic",
        "bloom": "false",
        "booleanOperation": "0",
        "btsKey": "0d8add30-1b20-4a0d-9c0f-ecc9ea172b68",
        "cameraCollideEnable": "true",
        "canAcceptShadow": "true",
        "canGenerateShadow": "true",
        "collisionFidelity": "0",
        "collisionGroup": "1",
        "collisionUniqueKey": "8780714663660224513",
        "customShapeData": "",
        "customThreshold": "1",
        "density": "2.2",
        "discardAlpha": "1",
        "friction": "0.37",
        "id": "8784442063853944833",
        "isLockedInEditor": "false",
        "isVisibleInEditor": "true",
        "lineVelocity": "x:0 y:0 z:0",
        "localAnchorPoint": "x:0 y:0 z:0",
        "lodData": {
          "lodModelItem": []
        },
        "lodGroup": "",
        "mass": "4388.2660400391",
        "massCenter": "x:14.305083274841 y:2.7552845478058 z:-1.5570197105408",
        "materialAlpha": "1.0",
        "materialColor": "r:1.0 g:1.0 b:1.0 a:1.0",
        "materialOffset": "x:1 y:1 z:1.0",
        "materialTexture": "part_suliao.tga",
        "mesh": "asset/stone/shitou/dashi_01/dashi_01.mesh",
        "metalness": "0",
        "name": "MeshPart",
        "needSync": "true",
        "originAnchor": "false",
        "partNavMeshType": "1",
        "position": "x:14.305083274841 y:2.7552845478058 z:-1.5570197105408",
        "restitution": "0.3",
        "rotation": "x:86.000015258789 y:-39.000072479248 z:-0.00011563963198569",
        "roughness": "0.9",
        "scale": "x:6.56213 y:6.56213 z:6.56212",
        "selectable": "true",
        "staticBatchNo": "",
        "staticObject": "false",
        "useAnchor": "true",
        "useCollide": "true",
        "useForCollision": "false",
        "useGravity": "true",
        "useLodModel": "false",
        "useTextureAlpha": "false"
      }
    },
    {
      "attributes": [],
      "class": "MeshPart",
      "customProperties": [],
      "properties": {
        "angleVelocity": "x:0 y:0 z:0",
        "autoAnchor": "true",
        "bakeTextureWeight": "1",
        "batchType": "Dynamic",
        "bloom": "false",
        "booleanOperation": "0",
        "btsKey": "0d8add30-1b20-4a0d-9c0f-ecc9ea172b68",
        "cameraCollideEnable": "true",
        "canAcceptShadow": "true",
        "canGenerateShadow": "true",
        "collisionFidelity": "0",
        "collisionGroup": "1",
        "collisionUniqueKey": "8780714663660224513",
        "customShapeData": "",
        "customThreshold": "1",
        "density": "2.2",
        "discardAlpha": "1",
        "friction": "0.37",
        "id": "8784443360967917569",
        "isLockedInEditor": "false",
        "isVisibleInEditor": "true",
        "lineVelocity": "x:0 y:0 z:0",
        "localAnchorPoint": "x:0 y:0 z:0",
        "lodData": {
          "lodModelItem": []
        },
        "lodGroup": "",
        "mass": "3458.0001220703",
        "massCenter": "x:19.782646179199 y:2.4403121471405 z:5.5469532012939",
        "materialAlpha": "1.0",
        "materialColor": "r:1.0 g:1.0 b:1.0 a:1.0",
        "materialOffset": "x:1 y:1 z:1.0",
        "materialTexture": "part_suliao.tga",
        "mesh": "asset/stone/shitou/dashi_01/dashi_01.mesh",
        "metalness": "0",
        "name": "MeshPart",
        "needSync": "true",
        "originAnchor": "false",
        "partNavMeshType": "1",
        "position": "x:19.782646179199 y:2.4403121471405 z:5.5469532012939",
        "restitution": "0.3",
        "rotation": "x:-71.550765991211 y:168.2142791748 z:-82.918365478516",
        "roughness": "0.9",
        "scale": "x:6.56213 y:6.56213 z:6.56212",
        "selectable": "true",
        "staticBatchNo": "",
        "staticObject": "false",
        "useAnchor": "true",
        "useCollide": "true",
        "useForCollision": "false",
        "useGravity": "true",
        "useLodModel": "false",
        "useTextureAlpha": "false"
      }
    },
    {
      "attributes": [],
      "class": "MeshPart",
      "customProperties": [],
      "properties": {
        "angleVelocity": "x:0 y:0 z:0",
        "autoAnchor": "true",
        "bakeTextureWeight": "1",
        "batchType": "Dynamic",
        "bloom": "false",
        "booleanOperation": "0",
        "btsKey": "0d8add30-1b20-4a0d-9c0f-ecc9ea172b68",
        "cameraCollideEnable": "true",
        "canAcceptShadow": "true",
        "canGenerateShadow": "true",
        "collisionFidelity": "0",
        "collisionGroup": "1",
        "collisionUniqueKey": "8780714663660224513",
        "customShapeData": "",
        "customThreshold": "1",
        "density": "2.2",
        "discardAlpha": "1",
        "friction": "0.37",
        "id": "8784444449352433665",
        "isLockedInEditor": "false",
        "isVisibleInEditor": "true",
        "lineVelocity": "x:0 y:0 z:0",
        "localAnchorPoint": "x:0 y:0 z:0",
        "lodData": {
          "lodModelItem": []
        },
        "lodGroup": "",
        "mass": "5117.0394042969",
        "massCenter": "x:12.178777694702 y:5.5985546112061 z:13.566149711609",
        "materialAlpha": "1.0",
        "materialColor": "r:1.0 g:1.0 b:1.0 a:1.0",
        "materialOffset": "x:1 y:1 z:1.0",
        "materialTexture": "part_suliao.tga",
        "mesh": "asset/stone/shitou/dashi_01/dashi_01.mesh",
        "metalness": "0",
        "name": "MeshPart",
        "needSync": "true",
        "originAnchor": "false",
        "partNavMeshType": "1",
        "position": "x:12.178777694702 y:5.5985546112061 z:13.566149711609",
        "restitution": "0.3",
        "rotation": "x:-83.635070800781 y:-56.020366668701 z:98.454696655273",
        "roughness": "0.9",
        "scale": "x:6.56213 y:6.56213 z:6.56212",
        "selectable": "true",
        "staticBatchNo": "",
        "staticObject": "false",
        "useAnchor": "true",
        "useCollide": "true",
        "useForCollision": "false",
        "useGravity": "true",
        "useLodModel": "false",
        "useTextureAlpha": "false"
      }
    },
    {
      "attributes": [],
      "class": "RegionPart",
      "customProperties": [],
      "properties": {
        "bakeTextureWeight": "1",
        "batchType": "Dynamic",
        "canAcceptShadow": "true",
        "canGenerateShadow": "true",
        "cfgName": "myplugin/b511cf92-bb21-47a9-aec1-85366439dddd",
        "id": "8784448066467479553",
        "isVisibleInEditor": "true",
        "name": "Region",
        "needSync": "true",
        "position": "x:-2.3570947647095 y:2.5266642570496 z:-9.8134870529175",
        "rotation": "x:0 y:0 z:0",
        "scale": "x:14.8089 y:2.96299 z:6.73192",
        "selectable": "true",
        "useAnchor": "false",
        "useForCollision": "false"
      }
    },
    {
      "attributes": [],
      "class": "RegionPart",
      "customProperties": [],
      "properties": {
        "bakeTextureWeight": "1",
        "batchType": "Dynamic",
        "canAcceptShadow": "true",
        "canGenerateShadow": "true",
        "cfgName": "myplugin/eb495ff4-7059-448d-858f-0db4319669f1",
        "id": "8785314369980628993",
        "isVisibleInEditor": "true",
        "name": "Region",
        "needSync": "true",
        "position": "x:7.82139158248901 y:3.65703153610229 z:2.87471342086792",
        "rotation": "x:0 y:0 z:0",
        "scale": "x:49.9999 y:49.9999 z:56.5389",
        "selectable": "true",
        "useAnchor": "false",
        "useForCollision": "false"
      }
    },
    {
      "attributes": [],
      "class": "RegionPart",
      "customProperties": [],
      "properties": {
        "bakeTextureWeight": "1",
        "batchType": "Dynamic",
        "canAcceptShadow": "true",
        "canGenerateShadow": "true",
        "cfgName": "myplugin/1471530f-a489-4529-b3b8-bc24a217e12a",
        "id": "8788569490516672513",
        "isVisibleInEditor": "true",
        "name": "Region",
        "needSync": "true",
        "position": "x:-7.5190982818604 y:-5.2929196357727 z:2.5325126647949",
        "rotation": "x:0 y:0 z:0",
        "scale": "x:97.194 y:2.65598 z:103.004",
        "selectable": "true",
        "useAnchor": "false",
        "useForCollision": "false"
      }
    },
    {
      "attributes": [],
      "class": "Part",
      "customProperties": [],
      "properties": {
        "angleVelocity": "x:0 y:0 z:0",
        "bakeTextureWeight": "1",
        "batchType": "Dynamic",
        "bloom": "false",
        "booleanOperation": "0",
        "btsKey": "346ec472-d62b-4a34-8f9f-9b4abbb1292e",
        "cameraCollideEnable": "true",
        "canAcceptShadow": "true",
        "canGenerateShadow": "true",
        "collisionFidelity": "0",
        "collisionGroup": "1",
        "collisionUniqueKey": "",
        "customThreshold": "1",
        "density": "4.5",
        "discardAlpha": "0.0",
        "friction": "0.53",
        "id": "8862086217034448897",
        "isLockedInEditor": "false",
        "isVisibleInEditor": "true",
        "lineVelocity": "x:0 y:0 z:0",
        "massCenter": "x:0.351545810699463 y:2.23889970779419 z:-2.43892049789429",
        "materialAlpha": "1.0",
        "materialColor": "r:0.556862745098039 g:0.564705882352941 b:0.501960784313725 a:1.0",
        "materialOffset": "x:1 y:1 z:1.0",
        "materialTexture": "part_eluanshi.tga",
        "name": "Part",
        "needSync": "true",
        "partNavMeshType": "1",
        "position": "x:0.351545810699463 y:2.23889970779419 z:-2.43892049789429",
        "restitution": "0.17",
        "rotation": "x:0 y:0 z:0",
        "scale": "x:4 y:0.5 z:1",
        "selectable": "true",
        "shape": "1",
        "staticBatchNo": "",
        "staticObject": "false",
        "useAnchor": "true",
        "useCollide": "true",
        "useForCollision": "false",
        "useGravity": "true",
        "useTextureAlpha": "false"
      }
    }
  ],
  "skyBox": [
    {
      "texture": [
        "@asset/Texture/SkyBox/Night/Sky03_right.png",
        "@asset/Texture/SkyBox/Night/Sky03_left.png",
        "@asset/Texture/SkyBox/Night/Sky03_top.png",
        "@asset/Texture/SkyBox/Night/Sky03_bottom.png",
        "@asset/Texture/SkyBox/Night/Sky03_back.png",
        "@asset/Texture/SkyBox/Night/Sky03_front.png"
      ]
    }
  ],
  "skyBoxMode": "static_display",
  "skyBoxRotate": {
    "x": 0,
    "y": 0,
    "z": 0
  },
  "skyBoxTexPixFmt": "RGBA8",
  "skyBoxTexSize": 512,
  "touchPosY": {
    "touchdownPosY": -30,
    "touchupPosY": 720
  },
  "useLod": false
}