{
  "autoRotateColliderBox": true,
  "collideEntity": 6,
  "collider": {
    "offset": {
      "x": 0,
      "y": 0,
      "z": 0
    },
    "radius": 5,
    "rotation": {
      "x": 0,
      "y": 0,
      "z": 0
    },
    "type": "Sphere"
  },
  "followTarget": false,
  "followTargetRotation": true,
  "followTargetRotationOffset": {
    "x": 0,
    "y": 0,
    "z": 0
  },
  "gravity": 0,
  "hitEntitySkill": "myplugin/hut",
  "hitEntitysRoles": [
    "hitAllTeam",
    "hitPlayer",
    "hitAllConfigEntity"
  ],
  "hitInterval": 10,
  "isPitch": true,
  "lifeTime": 40,
  "lockRotateBodyPitch": 0,
  "lockRotateBodyRoll": 0,
  "lockRotateBodyYaw": 0,
  "modelSizeScale": {
    "x": 1,
    "y": 1,
    "z": 1
  },
  "moveAcc": 0,
  "moveSpeed": 0.005,
  "rotateFree": true,
  "rotateSpeed": 0,
  "startEffect": {
    "effect": "@asset/warrior/g2021_dungeon_13_4_attack2.effect",
    "once": false,
    "pos": {
      "x": 0,
      "y": 5,
      "z": 0
    },
    "scale": {
      "x": 1,
      "y": 1,
      "z": 1
    },
    "yaw": 0
  },
  "startWithMoveAcc": true,
  "vanishShow": false,
  "vanishTime": 20
}