{
  "area": [
    [
      0,
      -190
    ],
    [
      0,
      -200
    ],
    [
      0,
      88
    ],
    [
      0,
      88
    ]
  ],
  "area_number": 8,
  "backSwingTime": 0,
  "buffCfg": "myplugin/a930a335-a0da-494e-81f4-d1e2d8d5f479",
  "buffTime": 100,
  "castAction": "attack2",
  "castActionTime": -1,
  "cdMaskConfig": {
    "AntiClockwise": false,
    "FillPosition": "",
    "FillType": "Horizontal",
    "horizontalAlignment": 1,
    "verticalAlignment": 1
  },
  "cdTime": 0,
  "chargeCdMaskConfig": {
    "AntiClockwise": false,
    "FillPosition": "",
    "FillType": "Horizontal",
    "horizontalAlignment": 1,
    "verticalAlignment": 1
  },
  "chargeCdTime": 0,
  "chargeEnableCdMask": false,
  "chargeIsShowCdPoint": false,
  "chargeTimes": 2,
  "consumeVp": 0,
  "customizeSkill": true,
  "draggingEnabled": false,
  "enable_pre": false,
  "enable_rear": false,
  "enableCdMask": false,
  "enableCdTip": false,
  "enableChargeTime": false,
  "enableMoveBrkBackS": false,
  "enableMoveBrkPreS": false,
  "frontSight": "",
  "horizontalAlignment": 2,
  "icon": "@asset/Texture/Skill/common/maxHp.png",
  "icon_pushed": "",
  "ignoreCastSkillBackS": false,
  "ignoreCastSkillPreS": true,
  "ignoreJumpBackS": false,
  "ignoreJumpPreS": false,
  "ignoreMoveBackS": false,
  "ignoreMovePreS": false,
  "isClick": false,
  "isShowCdPoint": false,
  "isTouch": false,
  "preSwingTime": 0,
  "sensitivityFactor": 1,
  "startAction": "",
  "startActionTime": 0,
  "sustainAction": "",
  "target": "self",
  "type": "Buff",
  "verticalAlignment": 2
}