{
  "autoRotateColliderBox": true,
  "collideEntity": 6,
  "collider": {
    "height": 1.5,
    "offset": {
      "x": 0,
      "y": 0,
      "z": 0
    },
    "radius": 0.5,
    "rotation": {
      "x": 0,
      "y": 0,
      "z": 0
    },
    "type": "Capsule"
  },
  "followTarget": false,
  "followTargetRotation": true,
  "followTargetRotationOffset": {
    "x": 0,
    "y": 0,
    "z": 0
  },
  "gravity": 0,
  "hitEntityCount": 1,
  "hitEntityEffect": {
    "effect": "@asset/effect/Orange and Blue Dot Explosion Effect/sots208_ light spot_01_orange blue_3d.effect",
    "once": true,
    "pos": {
      "x": 0,
      "y": 0,
      "z": 0
    },
    "scale": {
      "x": 1,
      "y": 1,
      "z": 1
    },
    "yaw": 0
  },
  "hitEntitySkill": "myplugin/61a15cd6-cfbd-4c55-86dc-f623218cf3c1",
  "hitEntitysRoles": [
    "hitAllTeam",
    "hitAllEntitys",
    "hitAllConfigEntity"
  ],
  "hitInterval": 10,
  "isPitch": true,
  "lifeTime": 20,
  "lockRotateBodyPitch": 0,
  "lockRotateBodyRoll": 0,
  "lockRotateBodyYaw": 0,
  "modelMesh": "asset/3D Asset/arrow5/arrow.mesh",
  "modelSizeScale": {
    "x": 1,
    "y": 1,
    "z": 1
  },
  "moveAcc": 0.1,
  "moveSpeed": 0.35,
  "rotateFree": true,
  "rotateSpeed": 0,
  "startWithMoveAcc": true,
  "vanishShow": false,
  "vanishTime": 20
}