{
  "canAbandon": false,
  "candrop": false,
  "canEquipPlural": true,
  "canUse": false,
  "dropSpeed": 0.2,
  "handItemBoneName": "s_hand_r",
  "icon": "@asset/master/The magic book.png",
  "itemintroduction": "a15228f6-b441-4e22-ac41-11a56de40582",
  "itemname": "item_The magic book",
  "mesh": "asset/master/Frozen Codex.mesh",
  "needSave": false,
  "skill": [
    "myplugin/ray",
    "myplugin/fireball",
    "myplugin/damage"
  ],
  "stack_count_max": 1,
  "syncGameData": {
    "currentCapacity": true,
    "extCapacity": true
  },
  "trap": false
}