{"viewport_width":652,"camera_move_speed":0.4,"part_place_settings":[{"key":"cube","color":{"g":255,"a":255,"b":0,"__OBJ_TYPE":"Color","r":255},"__OBJ_TYPE":"PART_PLACE_SETTING","texture":"part_shatu.tga"},{"key":"sphere","color":{"g":255,"a":255,"b":255,"__OBJ_TYPE":"Color","r":255},"__OBJ_TYPE":"PART_PLACE_SETTING","texture":"part_suliao.tga"},{"key":"cylinder","color":{"g":255,"a":255,"b":255,"__OBJ_TYPE":"Color","r":255},"__OBJ_TYPE":"PART_PLACE_SETTING","texture":"part_ditan.tga"},{"key":"cone","color":{"g":255,"a":255,"b":255,"__OBJ_TYPE":"Color","r":255},"__OBJ_TYPE":"PART_PLACE_SETTING","texture":"part_suliao.tga"}],"viewport_height":350,"map_pos":{"06f71322-a816-4ebf-bd5e-583a59b1b1db":{"y":68,"z":30,"x":30},"transcript":{"y":68,"z":30,"x":30},"MapArena":{"y":68,"z":30,"x":30},"copy":{"y":68,"z":30,"x":30},"map001":{"y":68,"z":30,"x":30},"Primary_hunting_ground":{"y":68,"z":30,"x":30},"MainLobby":{"y":68,"z":30,"x":30},"b27d05f1-3667-47b0-b46d-b27183a4139c":{"y":68,"z":30,"x":30},"MapVillage":{"y":68,"z":30,"x":30}}}