{"map_pos":{"MainLobby":{"z":30,"y":68,"x":30},"map001":{"z":30,"y":68,"x":30},"copy":{"z":30,"y":68,"x":30},"b27d05f1-3667-47b0-b46d-b27183a4139c":{"z":30,"y":68,"x":30},"06f71322-a816-4ebf-bd5e-583a59b1b1db":{"z":30,"y":68,"x":30},"transcript":{"z":30,"y":68,"x":30},"MapArena":{"z":30,"y":68,"x":30},"MapVillage":{"z":30,"y":68,"x":30},"Primary_hunting_ground":{"z":30,"y":68,"x":30}},"part_place_settings":[{"color":{"g":255,"__OBJ_TYPE":"Color","b":0,"a":255,"r":255},"__OBJ_TYPE":"PART_PLACE_SETTING","texture":"part_shatu.tga","key":"cube"},{"color":{"g":255,"__OBJ_TYPE":"Color","b":255,"a":255,"r":255},"__OBJ_TYPE":"PART_PLACE_SETTING","texture":"part_suliao.tga","key":"sphere"},{"color":{"g":255,"__OBJ_TYPE":"Color","b":255,"a":255,"r":255},"__OBJ_TYPE":"PART_PLACE_SETTING","texture":"part_ditan.tga","key":"cylinder"},{"color":{"g":255,"__OBJ_TYPE":"Color","b":255,"a":255,"r":255},"__OBJ_TYPE":"PART_PLACE_SETTING","texture":"part_suliao.tga","key":"cone"}],"viewport_height":377,"viewport_width":880,"camera_move_speed":0.4}