{"viewport_width":880,"camera_move_speed":0.4,"viewport_height":377,"part_place_settings":[{"__OBJ_TYPE":"PART_PLACE_SETTING","color":{"a":255,"b":0,"g":255,"r":255,"__OBJ_TYPE":"Color"},"key":"cube","texture":"part_shatu.tga"},{"__OBJ_TYPE":"PART_PLACE_SETTING","color":{"a":255,"b":255,"g":255,"r":255,"__OBJ_TYPE":"Color"},"key":"sphere","texture":"part_suliao.tga"},{"__OBJ_TYPE":"PART_PLACE_SETTING","color":{"a":255,"b":255,"g":255,"r":255,"__OBJ_TYPE":"Color"},"key":"cylinder","texture":"part_ditan.tga"},{"__OBJ_TYPE":"PART_PLACE_SETTING","color":{"a":255,"b":255,"g":255,"r":255,"__OBJ_TYPE":"Color"},"key":"cone","texture":"part_suliao.tga"}],"map_pos":{"MapArena":{"x":30,"y":68,"z":30},"map001":{"x":30,"y":68,"z":30},"b27d05f1-3667-47b0-b46d-b27183a4139c":{"x":30,"y":68,"z":30},"copy":{"x":30,"y":68,"z":30},"transcript":{"x":30,"y":68,"z":30},"06f71322-a816-4ebf-bd5e-583a59b1b1db":{"x":30,"y":68,"z":30},"MapVillage":{"x":30,"y":68,"z":30},"Primary_hunting_ground":{"x":30,"y":68,"z":30},"MainLobby":{"x":30,"y":68,"z":30}}}