{"part_place_settings":[{"__OBJ_TYPE":"PART_PLACE_SETTING","texture":"part_shatu.tga","key":"cube","color":{"b":0,"a":255,"r":255,"__OBJ_TYPE":"Color","g":255}},{"__OBJ_TYPE":"PART_PLACE_SETTING","texture":"part_suliao.tga","key":"sphere","color":{"b":255,"a":255,"r":255,"__OBJ_TYPE":"Color","g":255}},{"__OBJ_TYPE":"PART_PLACE_SETTING","texture":"part_ditan.tga","key":"cylinder","color":{"b":255,"a":255,"r":255,"__OBJ_TYPE":"Color","g":255}},{"__OBJ_TYPE":"PART_PLACE_SETTING","texture":"part_suliao.tga","key":"cone","color":{"b":255,"a":255,"r":255,"__OBJ_TYPE":"Color","g":255}}],"viewport_width":652,"map_pos":{"MapVillage":{"y":68,"z":30,"x":30},"transcript":{"y":68,"z":30,"x":30},"b27d05f1-3667-47b0-b46d-b27183a4139c":{"y":68,"z":30,"x":30},"MainLobby":{"y":68,"z":30,"x":30},"06f71322-a816-4ebf-bd5e-583a59b1b1db":{"y":68,"z":30,"x":30},"copy":{"y":68,"z":30,"x":30},"MapArena":{"y":68,"z":30,"x":30},"map001":{"y":68,"z":30,"x":30},"Primary_hunting_ground":{"y":68,"z":30,"x":30}},"viewport_height":350,"camera_move_speed":0.4}