{"viewport_width":652,"map_pos":{"copy":{"y":68,"x":30,"z":30},"06f71322-a816-4ebf-bd5e-583a59b1b1db":{"y":68,"x":30,"z":30},"MapArena":{"y":68,"x":30,"z":30},"b27d05f1-3667-47b0-b46d-b27183a4139c":{"y":68,"x":30,"z":30},"MainLobby":{"y":68,"x":30,"z":30},"MapVillage":{"y":68,"x":30,"z":30},"transcript":{"y":68,"x":30,"z":30},"map001":{"y":68,"x":30,"z":30},"Primary_hunting_ground":{"y":68,"x":30,"z":30}},"camera_move_speed":0.4,"part_place_settings":[{"texture":"part_shatu.tga","__OBJ_TYPE":"PART_PLACE_SETTING","key":"cube","color":{"a":255,"b":0,"__OBJ_TYPE":"Color","g":255,"r":255}},{"texture":"part_suliao.tga","__OBJ_TYPE":"PART_PLACE_SETTING","key":"sphere","color":{"a":255,"b":255,"__OBJ_TYPE":"Color","g":255,"r":255}},{"texture":"part_ditan.tga","__OBJ_TYPE":"PART_PLACE_SETTING","key":"cylinder","color":{"a":255,"b":255,"__OBJ_TYPE":"Color","g":255,"r":255}},{"texture":"part_suliao.tga","__OBJ_TYPE":"PART_PLACE_SETTING","key":"cone","color":{"a":255,"b":255,"__OBJ_TYPE":"Color","g":255,"r":255}}],"viewport_height":350}