{"06f71322-a816-4ebf-bd5e-583a59b1b1db":["blocks/lod0/-1.-1.-1.chunk","blocks/lod0/-1.-1.0.chunk","blocks/lod0/-1.0.-1.chunk","blocks/lod0/-1.0.0.chunk","blocks/lod0/0.-1.-1.chunk","blocks/lod0/0.-1.0.chunk","blocks/lod0/0.0.-1.chunk","blocks/lod0/0.0.0.chunk","collision.xcs","meta.vxbm","terrain.vert","usedMaterial.vxmat"],"\u0000ainLobby":["blocks/lod0/-1.-1.-1.chunk","blocks/lod0/-1.-1.0.chunk","blocks/lod0/-1.0.-1.chunk","blocks/lod0/-1.0.0.chunk","blocks/lod0/0.-1.-1.chunk","blocks/lod0/0.-1.0.chunk","blocks/lod0/0.0.-1.chunk","blocks/lod0/0.0.0.chunk","collision.xcs","meta.vxbm","terrain.vert","usedMaterial.vxmat"],"\u0000apArena":["blocks/lod0/-1.-1.-1.chunk","blocks/lod0/-1.-1.0.chunk","blocks/lod0/-1.0.-1.chunk","blocks/lod0/-1.0.0.chunk","blocks/lod0/0.-1.-1.chunk","blocks/lod0/0.-1.0.chunk","blocks/lod0/0.0.-1.chunk","blocks/lod0/0.0.0.chunk","collision.xcs","meta.vxbm","terrain.vert","usedMaterial.vxmat"],"t\u0000\u0000Village":["blocks/lod0/-1.-1.-1.chunk","blocks/lod0/-1.-1.0.chunk","blocks/lod0/-1.0.-1.chunk","blocks/lod0/-1.0.0.chunk","blocks/lod0/0.-1.-1.chunk","blocks/lod0/0.-1.0.chunk","blocks/lod0/0.0.-1.chunk","blocks/lod0/0.0.0.chunk","collision.xcs","meta.vxbm","terrain.vert","usedMaterial.vxmat"],"Primary_hunting_ground":["blocks/lod0/-1.-1.-1.chunk","blocks/lod0/-1.-1.0.chunk","blocks/lod0/-1.0.-1.chunk","blocks/lod0/-1.0.0.chunk","blocks/lod0/0.-1.-1.chunk","blocks/lod0/0.-1.0.chunk","blocks/lod0/0.0.-1.chunk","blocks/lod0/0.0.0.chunk","collision.xcs","meta.vxbm","usedMaterial.vxmat"],"b27d05f1-3667-47b0-b46d-b27183a4139c":["collision.xcs","terrain.vert"],"copy":["blocks/lod0/-1.-1.-1.chunk","blocks/lod0/-1.-1.-2.chunk","blocks/lod0/-1.-1.0.chunk","blocks/lod0/-1.-1.1.chunk","blocks/lod0/-1.-2.-1.chunk","blocks/lod0/-1.-2.-2.chunk","blocks/lod0/-1.-2.0.chunk","blocks/lod0/-1.-2.1.chunk","blocks/lod0/-1.0.-1.chunk","blocks/lod0/-1.0.-2.chunk","blocks/lod0/-1.0.0.chunk","blocks/lod0/-1.0.1.chunk","blocks/lod0/-1.1.-1.chunk","blocks/lod0/-1.1.-2.chunk","blocks/lod0/-1.1.0.chunk","blocks/lod0/-1.1.1.chunk","blocks/lod0/-2.-1.-1.chunk","blocks/lod0/-2.-1.-2.chunk","blocks/lod0/-2.-1.0.chunk","blocks/lod0/-2.-1.1.chunk","blocks/lod0/-2.-2.-1.chunk","blocks/lod0/-2.-2.0.chunk","blocks/lod0/-2.-2.1.chunk","blocks/lod0/-2.0.-1.chunk","blocks/lod0/-2.0.-2.chunk","blocks/lod0/-2.0.0.chunk","blocks/lod0/-2.0.1.chunk","blocks/lod0/-2.1.-1.chunk","blocks/lod0/-2.1.-2.chunk","blocks/lod0/-2.1.0.chunk","blocks/lod0/-2.1.1.chunk","blocks/lod0/0.-1.-1.chunk","blocks/lod0/0.-1.-2.chunk","blocks/lod0/0.-1.0.chunk","blocks/lod0/0.-1.1.chunk","blocks/lod0/0.-2.-1.chunk","blocks/lod0/0.-2.-2.chunk","blocks/lod0/0.-2.0.chunk","blocks/lod0/0.-2.1.chunk","blocks/lod0/0.0.-1.chunk","blocks/lod0/0.0.-2.chunk","blocks/lod0/0.0.0.chunk","blocks/lod0/0.0.1.chunk","blocks/lod0/0.1.-1.chunk","blocks/lod0/0.1.-2.chunk","blocks/lod0/0.1.0.chunk","blocks/lod0/0.1.1.chunk","blocks/lod0/1.-1.-1.chunk","blocks/lod0/1.-1.-2.chunk","blocks/lod0/1.-1.0.chunk","blocks/lod0/1.-1.1.chunk","blocks/lod0/1.-2.-1.chunk","blocks/lod0/1.-2.0.chunk","blocks/lod0/1.-2.1.chunk","blocks/lod0/1.0.-1.chunk","blocks/lod0/1.0.-2.chunk","blocks/lod0/1.0.0.chunk","blocks/lod0/1.0.1.chunk","blocks/lod0/1.1.-1.chunk","blocks/lod0/1.1.0.chunk","blocks/lod0/1.1.1.chunk","collision.xcs","meta.vxbm","terrain.vert","usedMaterial.vxmat"],"map001":["blocks/lod0/-1.-1.-1.chunk","blocks/lod0/-1.-1.-2.chunk","blocks/lod0/-1.-1.0.chunk","blocks/lod0/-1.0.-1.chunk","blocks/lod0/-1.0.-2.chunk","blocks/lod0/-1.0.0.chunk","blocks/lod0/-1.1.-1.chunk","blocks/lod0/-1.1.-2.chunk","blocks/lod0/-1.1.0.chunk","blocks/lod0/-2.-1.-1.chunk","blocks/lod0/-2.-1.-2.chunk","blocks/lod0/-2.-1.0.chunk","blocks/lod0/-2.0.-1.chunk","blocks/lod0/-2.0.-2.chunk","blocks/lod0/-2.0.0.chunk","blocks/lod0/-2.1.-1.chunk","blocks/lod0/-2.1.-2.chunk","blocks/lod0/-2.1.0.chunk","blocks/lod0/0.-1.-1.chunk","blocks/lod0/0.-1.-2.chunk","blocks/lod0/0.-1.0.chunk","blocks/lod0/0.0.-1.chunk","blocks/lod0/0.0.-2.chunk","blocks/lod0/0.0.0.chunk","blocks/lod0/0.1.-1.chunk","blocks/lod0/0.1.-2.chunk","blocks/lod0/0.1.0.chunk","collision.xcs","meta.vxbm","terrain.vert","usedMaterial.vxmat"],"transcript":["collision.xcs"]}