{
  "area": [
    [
      0,
      0
    ],
    [
      0,
      0
    ],
    [
      0,
      0
    ],
    [
      0,
      0
    ]
  ],
  "area_number": 0,
  "backSwingTime": 0,
  "castAction": "attack",
  "castActionTime": -1,
  "castSound": {
    "attenuationType": "0",
    "is3dSound": true,
    "loop": false,
    "losslessDistance": 5,
    "maxDistance": 20,
    "multiPly": 1,
    "path": "asset/Sound Assets/Attack3.mp3",
    "selfOnly": false,
    "sound": "@Sound Assets/Attack3.mp3",
    "volume": 1
  },
  "cdMaskConfig": {
    "AntiClockwise": false,
    "FillPosition": "",
    "FillType": "Horizontal",
    "horizontalAlignment": 1,
    "verticalAlignment": 1
  },
  "cdTime": 60,
  "chargeCdMaskConfig": {
    "AntiClockwise": false,
    "FillPosition": "",
    "FillType": "Horizontal",
    "horizontalAlignment": 1,
    "verticalAlignment": 1
  },
  "chargeCdTime": 0,
  "chargeEnableCdMask": false,
  "chargeIsShowCdPoint": false,
  "chargeTimes": 2,
  "consumeVp": 0,
  "customizeSkill": true,
  "damage": 10,
  "dmgFactor": 0,
  "draggingEnabled": false,
  "enable_pre": false,
  "enable_rear": false,
  "enableBackSwing": false,
  "enableCdMask": false,
  "enableCdTip": false,
  "enableChargeTime": false,
  "enableMoveBrkBackS": false,
  "enableMoveBrkPreS": false,
  "enablePreSwing": false,
  "frontSight": "",
  "horizontalAlignment": 1,
  "hurtDistance": 0,
  "ignoreCastSkillBackS": false,
  "ignoreCastSkillPreS": true,
  "ignoreJumpBackS": false,
  "ignoreJumpPreS": false,
  "ignoreMoveBackS": false,
  "ignoreMovePreS": false,
  "isClick": true,
  "isShowCdPoint": false,
  "isTouch": false,
  "preSwingTime": 0,
  "range": 2,
  "sensitivityFactor": 1,
  "startAction": "",
  "startActionTime": 0,
  "sustainAction": "",
  "type": "MeleeAttack"
}