{
  "addCollision": 0,
  "antiGravity": 0,
  "continueDamage": 2,
  "continueHeal": 0,
  "damage": 0,
  "damagePct": 0,
  "deadRemove": false,
  "deDmgPct": 0,
  "dropDamageRatio": 0,
  "dropDamageStart": 0,
  "effect": {
    "effect": "asset/auxiliary/ice.effect",
    "once": false,
    "pos": {
      "x": 0,
      "y": 0,
      "z": 0
    },
    "scale": {
      "x": 1,
      "y": 1,
      "z": 1
    },
    "selfOnly": false,
    "yaw": 0
  },
  "gravity": 0,
  "hide": 0,
  "jumpSpeed": 0,
  "maxHp": 0,
  "moveAcc": 0,
  "moveFactor": 0,
  "moveSpeed": -0.4,
  "needSave": false,
  "reachDistance": 0,
  "skin": [],
  "sound": {
    "attenuationType": "0",
    "is3dSound": true,
    "loop": false,
    "losslessDistance": 5,
    "maxDistance": 20,
    "multiPly": 1,
    "path": "asset/Sound Assets/IcePillarExplosion.mp3",
    "selfOnly": false,
    "sound": "@Sound Assets/IcePillarExplosion.mp3",
    "volume": 1
  },
  "sync": "all",
  "unassailable": 0,
  "undamageable": 0
}