{
  "__OBJ_TYPE": "SkillSystemCfg",
  "AntiClockwise": false,
  "attackBound": {
    "__OBJ_TYPE": "AttackBound",
    "angle": {
      "__OBJ_TYPE": "ValueRange",
      "max": 360,
      "min": 0
    },
    "height": 1,
    "height_c": 2.5,
    "memory": {
      "__OBJ_TYPE": "BoundingVolumeMemory",
      "Capsule": "1.000000-0.500000",
      "Cylinder": "",
      "Sector": "",
      "Sphere": ""
    },
    "position": {
      "__OBJ_TYPE": "Vector3",
      "x": 0,
      "y": 0,
      "z": 0
    },
    "preview_dialog": {
      "__OBJ_TYPE": "CollisionboxPreview",
      "preview": false
    },
    "radius": 0.5,
    "radius_c": 0.5,
    "rotate": {
      "__OBJ_TYPE": "Vector3",
      "x": 0,
      "y": 0,
      "z": 0
    },
    "size": {
      "__OBJ_TYPE": "Vector3",
      "x": 2,
      "y": 2.5,
      "z": 2
    },
    "type": "Box"
  },
  "attackBoundSkillSystemCfg": {
    "__OBJ_TYPE": "BoundPreview",
    "angle": {
      "__OBJ_TYPE": "ValueRange",
      "max": 360,
      "min": 0
    },
    "height": 1,
    "height_c": 2.5,
    "memory": {
      "__OBJ_TYPE": "BoundingVolumeMemory",
      "Capsule": "1.000000-0.500000",
      "Cylinder": "",
      "Sector": "",
      "Sphere": ""
    },
    "position": {
      "__OBJ_TYPE": "Vector3",
      "x": 0,
      "y": 0,
      "z": 0
    },
    "radius": 0.5,
    "radius_c": 0.5,
    "rotate": {
      "__OBJ_TYPE": "Vector3",
      "x": 0,
      "y": 0,
      "z": 0
    },
    "size": {
      "__OBJ_TYPE": "Vector3",
      "x": 2,
      "y": 2.5,
      "z": 2
    },
    "type": "Box"
  },
  "attackTarget": {
    "__OBJ_TYPE": "AttackTarget",
    "attackEntity": "hitAllConfigEntity",
    "attackTeam": "hitAllTeam",
    "entityList": [],
    "targetType": "hitAllEntitys",
    "teamList": []
  },
  "beginCoolDown": "",
  "castAction": {
    "__OBJ_TYPE": "SkillReleaseAction",
    "castAction": "sword",
    "castActionTime": {
      "__OBJ_TYPE": "Time",
      "value": 20
    },
    "custom_time": false
  },
  "castEffect": {
    "__OBJ_TYPE": "EntityEffect",
    "effect": {
      "__OBJ_TYPE": "Resource_Effect",
      "asset": "",
      "selector": ""
    },
    "once": true,
    "pos": {
      "__OBJ_TYPE": "Vector3",
      "x": 0,
      "y": 0,
      "z": 0
    },
    "scale": {
      "__OBJ_TYPE": "Vector3",
      "x": 1,
      "y": 1,
      "z": 1
    },
    "selfOnly": false,
    "yaw": 0
  },
  "castInterval": {
    "__OBJ_TYPE": "Time",
    "value": 0
  },
  "castSound": {
    "__OBJ_TYPE": "CastSound",
    "attenuationType": "0",
    "is3dSound": true,
    "loop": false,
    "losslessDistance": 5,
    "maxDistance": 20,
    "playRate": 1,
    "selfOnly": false,
    "sound": {
      "__OBJ_TYPE": "Resource_Sound",
      "asset": "asset/Sound Assets/Slash1.mp3",
      "selector": ""
    },
    "volume": {
      "__OBJ_TYPE": "Percentage",
      "value": 1
    }
  },
  "cdAnimation": "Clockwise",
  "cdTime": {
    "__OBJ_TYPE": "Time",
    "value": 40
  },
  "chargeAntiClockwise": false,
  "chargeCdAnimation": "",
  "chargeCdTime": {
    "__OBJ_TYPE": "Time",
    "value": 0
  },
  "chargeEnableCdMask": false,
  "chargeEnableCdTip": false,
  "chargeFillPosition": "",
  "chargeFillType": "Horizontal",
  "chargeIsShowCdPoint": false,
  "chargeTimes": 2,
  "damage": 20,
  "enableCdMask": true,
  "enableCdTip": true,
  "enableChargeTime": false,
  "FillPosition": "Top_With360Degree",
  "FillType": "With360Degree",
  "hitEntitySound": {
    "__OBJ_TYPE": "CastSound",
    "attenuationType": "0",
    "is3dSound": false,
    "loop": false,
    "losslessDistance": 5,
    "maxDistance": 20,
    "playRate": 1,
    "selfOnly": false,
    "sound": {
      "__OBJ_TYPE": "Resource_Sound",
      "asset": "",
      "selector": ""
    },
    "volume": {
      "__OBJ_TYPE": "Percentage",
      "value": 1
    }
  },
  "hurtDistance": 0,
  "isLimit": true,
  "isShowCdPoint": false,
  "isTouch": false,
  "lifeTime": {
    "__OBJ_TYPE": "Time",
    "value": 2
  },
  "maxAttackNumber": 1,
  "missile": "43bd192e-9d6c-46a7-bef3-82a4ac77ceb2",
  "name": {
    "__OBJ_TYPE": "Text",
    "value": "78bd86d4-18a6-4fc2-ada3-cb97eae44e06"
  },
  "preKillTime": {
    "__OBJ_TYPE": "Time",
    "value": 0
  },
  "recoveryTimes": "",
  "skill1": "SwordAttack",
  "skill2": "c4fad793-b05d-45cc-b1a6-c702cc325181",
  "skillIcon": {
    "__OBJ_TYPE": "Resource_SkillTexture",
    "asset": "asset/Texture/Skill/common/icon_近战攻击_act.png",
    "selector": ""
  },
  "skillIconPos": {
    "__OBJ_TYPE": "SkillIconPos",
    "area_number": 8
  },
  "skillIconPushed": {
    "__OBJ_TYPE": "Resource_SkillTexture",
    "asset": "asset/Texture/Skill/common/icon_近战攻击_nor.png",
    "selector": ""
  }
}