{
  "widget": [
    {
      "btsKey": "b982cb00-fdfa-460e-8955-5323dcf90508",
      "md5": "3db762235b891a3ab45439eaea12e92a",
      "name": "determind"
    },
    {
      "btsKey": "5af367e9-b6b8-47f2-a2b3-18a18a453952",
      "md5": "2901c237c8d25c2108da676dd1ca0d76",
      "name": ""
    },
    {
      "btsKey": "e65b462a-c0f0-448e-ac6a-509504b694bc",
      "md5": "431a8a7b752ad8d0b72150a9ea3198e7",
      "name": "Image3/Image4/ActorWindow"
    },
    {
      "btsKey": "164f32e3-403d-4e65-a6a8-429727309e09",
      "md5": "df3dcf3d56a4167c010c79160b8ee5b7",
      "name": "LEADEROARD"
    },
    {
      "btsKey": "fc70d8a1-9278-4022-9ed4-6d116457a159",
      "md5": "9e77fa8ecc0eb5f726df6f76b4e88dd1",
      "name": "Image3/Button"
    }
  ]
}