{
  "canAbandon": true,
  "candrop": true,
  "canEquipPlural": true,
  "canUse": false,
  "dropSpeed": 0.2,
  "handBuff": "myplugin/strength",
  "handItemBoneName": "s_hand_r",
  "icon": "@asset/auxiliary/High_sorcerer's_staff.png",
  "itemintroduction": "2a6a86e1-1a61-4248-b2c6-3f3adc46e4e9",
  "itemname": "item_High_sorcerer's_staff",
  "mesh": "asset/auxiliary/Flamingo Scythe.mesh",
  "needSave": false,
  "skill": [
    "myplugin/Shield_royal",
    "myplugin/ice",
    "myplugin/damage"
  ],
  "stack_count_max": 1,
  "syncGameData": {
    "currentCapacity": true,
    "extCapacity": true
  },
  "trap": false
}