{
  "widget": [
    {
      "btsKey": "378d9c5e-b36f-4606-9411-3f5efeef682e",
      "md5": "34842101dde7a3892848081804fb9a97",
      "name": "Image1/ScorePlayer"
    },
    {
      "btsKey": "4f1ecb1d-4564-428e-baf0-0ce66fb8d267",
      "md5": "431a8a7b752ad8d0b72150a9ea3198e7",
      "name": "Image1/NumberCrush"
    },
    {
      "btsKey": "7364c8e9-3258-4e7b-a971-67ee074778a5",
      "md5": "dea9ffb30fd77b22640d7bff198986ca",
      "name": "determind"
    },
    {
      "btsKey": "f3b8c1dc-dba3-43cf-b926-10c436af8a4c",
      "md5": "a6ec4d1868194e6430946b4eaf8bc687",
      "name": "Image2/ActorWindow"
    },
    {
      "btsKey": "c225db76-39e3-4c59-beaf-1360e7ea6325",
      "md5": "df3dcf3d56a4167c010c79160b8ee5b7",
      "name": "LEADEROARD"
    },
    {
      "btsKey": "dafd3273-bddc-496d-bd43-f4e5ffc3fa61",
      "md5": "431a8a7b752ad8d0b72150a9ea3198e7",
      "name": ""
    }
  ]
}