{
  "autoRotateColliderBox": true,
  "collideEntity": 6,
  "collider": {
    "extent": {
      "x": 1,
      "y": 2.5,
      "z": 1
    },
    "offset": {
      "x": 0,
      "y": 0,
      "z": 0
    },
    "rotation": {
      "x": 0,
      "y": 0,
      "z": 0
    },
    "type": "Box"
  },
  "followTarget": false,
  "followTargetRotation": true,
  "followTargetRotationOffset": {
    "x": 0,
    "y": 0,
    "z": 0
  },
  "gravity": 0,
  "hitEntityCount": 1,
  "hitEntitySkill": "myplugin/c4fad793-b05d-45cc-b1a6-c702cc325181",
  "hitEntitysRoles": [
    "hitAllTeam",
    "hitAllEntitys",
    "hitAllConfigEntity"
  ],
  "hitInterval": 2,
  "isPitch": true,
  "lifeTime": 2,
  "lockRotateBodyPitch": 0,
  "lockRotateBodyRoll": 0,
  "lockRotateBodyYaw": 0,
  "moveAcc": 0,
  "moveSpeed": 0,
  "rotateFree": true,
  "rotateSpeed": 0,
  "startWithMoveAcc": true,
  "vanishShow": false,
  "vanishTime": 10
}