{
  "autoRotateColliderBox": true,
  "collideEntity": 6,
  "collider": {
    "extent": {
      "x": 0.2,
      "y": 0.2,
      "z": 0.2
    },
    "offset": {
      "x": 0,
      "y": 0,
      "z": 0
    },
    "rotation": {
      "x": 0,
      "y": 0,
      "z": 0
    },
    "type": "Box"
  },
  "followTarget": false,
  "followTargetRotation": true,
  "followTargetRotationOffset": {
    "x": 0,
    "y": 0,
    "z": 0
  },
  "gravity": 0,
  "hitEntityEffect": {
    "effect": "@asset/effect/Horizontal Orange Shockwave Effect/gfxy207_shock wave_orange_3d.effect",
    "once": true,
    "pos": {
      "x": 0,
      "y": 0,
      "z": 0
    },
    "scale": {
      "x": 1,
      "y": 1,
      "z": 1
    },
    "yaw": 0
  },
  "hitEntitySkill": "myplugin/f3dee5d5-91cd-4463-a0cc-167327053846",
  "hitEntitysRoles": [
    "hitAllTeam",
    "hitAllEntitys",
    "hitAllConfigEntity"
  ],
  "hitInterval": 10,
  "isPitch": true,
  "lifeTime": 20,
  "lockRotateBodyPitch": 0,
  "lockRotateBodyRoll": 0,
  "lockRotateBodyYaw": 0,
  "modelMesh": "",
  "modelSizeScale": {
    "x": 1,
    "y": 1,
    "z": 1
  },
  "moveAcc": 0,
  "moveSpeed": 0.35,
  "rotateFree": true,
  "rotateSpeed": 0,
  "startEffect": {
    "effect": "@asset/effect/Orange Arrow Effect_0/gfxy207_quick hit_3d.effect",
    "once": false,
    "pos": {
      "x": 0,
      "y": 0,
      "z": 0
    },
    "scale": {
      "x": 1,
      "y": 1,
      "z": 1
    },
    "yaw": 0
  },
  "startWithMoveAcc": true,
  "vanishShow": false,
  "vanishTime": 10
}