{
  "canAbandon": true,
  "candrop": true,
  "canEquipPlural": true,
  "canUse": false,
  "dropSpeed": 0.2,
  "handBuff": "myplugin/strength",
  "handItemBoneName": "s_hand_r",
  "icon": "@asset/warrior/modao.png",
  "itemintroduction": "a5999d43-abd7-4b67-9615-ce180d2abd46",
  "itemname": "item_sword",
  "mesh": "asset/warrior/hunter_dao02.mesh",
  "needSave": false,
  "skill": [
    "myplugin/Blasting_gas",
    "myplugin/blow",
    "myplugin/damage"
  ],
  "stack_count_max": 1,
  "syncGameData": {
    "currentCapacity": true,
    "extCapacity": true
  },
  "trap": false
}