{
  "_clientScript": [],
  "_serverScript": [],
  "actorGirlName": "asset/Actor/Rabbit Ear Fairy Girl/g2038_pet_01_3.actor",
  "actorName": "asset/Actor/Redhead Man With Antlers/g2038_pet_02_3.actor",
  "aiFixSpeedRate": 2,
  "attackNpc": false,
  "autoAttack": false,
  "autoMove": false,
  "autoRotateColliderBox": true,
  "avoidCliff": true,
  "avoidCliffHight": 5,
  "backMoveResetOffsetYaw": true,
  "beAttackedFeedback": {
    "fromNpc": true,
    "fromPlayer": true,
    "hideSmooth": true,
    "hideTime": 15
  },
  "boundingScaleWithSize": true,
  "canClick": false,
  "canHurtMove": true,
  "canJump": true,
  "canMove": true,
  "canPickOnDie": false,
  "canTurnHead": true,
  "castRealShadowAtFirstPRV": false,
  "chaseDistance": 10,
  "chaseInterval": 10,
  "checkGroundWhenCollisionMargin": true,
  "checkPartTouchEvent": true,
  "clickDistance": 4,
  "collider": {
    "height": 2,
    "offset": {
      "x": 0,
      "y": 0,
      "z": 0
    },
    "radius": 0.5,
    "rotation": {
      "x": 0,
      "y": 0,
      "z": 0
    },
    "type": "Capsule"
  },
  "collision": true,
  "damage": 0,
  "damageViewBobbing": [
    {
      "count": 2,
      "rotate": {
        "x": 0,
        "y": 0,
        "z": 6
      }
    },
    {
      "count": 4,
      "rotate": {
        "x": 0,
        "y": 0,
        "z": 0
      }
    }
  ],
  "deathHideTime": 60,
  "destroyTime": 0,
  "disableShadow": true,
  "disableShadowAtFirstPRV": true,
  "dropDamageRatio": 0,
  "dropDamageStart": 1.5,
  "enableAI": false,
  "enableBackMovementAction": true,
  "equipTrays": [
    1,
    2
  ],
  "eyeHeight": 1.62,
  "fallAtSwimming": false,
  "firstPRVActorName": "asset/Actor/charactor/firstPrvActor/firstPrvActor.actor",
  "firstPRVHandBoneName": "s_wuqi",
  "followEntityDistanceWhenHasTarget": 10,
  "followEntityDistanceWhenNotTarget": 5,
  "FollowWhenCreate": true,
  "gravity": 0.08,
  "headPic": "",
  "hideHolder": false,
  "hideHp": 1,
  "hideName": false,
  "homeSize": 20,
  "hpBarColor": 4294967551,
  "hpBarHeight": 0.2,
  "hpBarWidth": 1,
  "hpFaceCamera": 0,
  "hurtResistantTime": 0,
  "idleProb": 0,
  "idleTime": [
    10,
    30
  ],
  "ignorePlayerSkin": true,
  "isAIGoHomePos": true,
  "isPlayer": true,
  "jumpHeight": 0.6,
  "jumpSpeed": 0.5,
  "maxHp": 300,
  "maxVisualAngle": 360,
  "meetCliffBackRun": true,
  "modelType": "Customize",
  "moveAcc": 0.2,
  "moveFactor": 1,
  "moveSpeed": 0.25,
  "name": "bbfbdc34-da2f-41ab-aaac-3b2e72f5ef6d",
  "needCheckTouch": true,
  "patrolDistance": 5,
  "pushForce": 10,
  "randomPlayDeadActions": [
    "die"
  ],
  "reachDistance": 6.5,
  "reviveTime": 40,
  "setFollowWhenCreate": true,
  "skillInfos": [],
  "stepHeight": 0.6,
  "textHeight": 2.5,
  "touchdownTimeToDie": true,
  "touchdownTimeToDieTick": 5,
  "unassailable": 0,
  "undamageable": 0
}