{
  "area": [
    [
      0,
      -190
    ],
    [
      0,
      -200
    ],
    [
      0,
      88
    ],
    [
      0,
      88
    ]
  ],
  "area_number": 8,
  "backSwingTime": 0,
  "bodyPitchOffset": [
    -90
  ],
  "bodyYawOffset": [
    0
  ],
  "castAction": "attack",
  "castActionTime": -1,
  "castSound": {
    "attenuationType": "0",
    "is3dSound": true,
    "loop": false,
    "losslessDistance": 5,
    "maxDistance": 20,
    "multiPly": 1,
    "path": "asset/Sound Assets/Gun1.mp3",
    "selfOnly": false,
    "sound": "@Sound Assets/Gun1.mp3",
    "volume": 1
  },
  "cdMaskConfig": {
    "AntiClockwise": false,
    "FillPosition": "",
    "FillType": "Horizontal",
    "horizontalAlignment": 1,
    "verticalAlignment": 1
  },
  "cdTime": 0,
  "chargeCdMaskConfig": {
    "AntiClockwise": false,
    "FillPosition": "",
    "FillType": "Horizontal",
    "horizontalAlignment": 1,
    "verticalAlignment": 1
  },
  "chargeCdTime": 0,
  "chargeEnableCdMask": false,
  "chargeIsShowCdPoint": false,
  "chargeTimes": 2,
  "consumeVp": 5,
  "customizeSkill": true,
  "draggingEnabled": false,
  "enable_pre": false,
  "enable_rear": false,
  "enableCdMask": false,
  "enableCdTip": false,
  "enableChargeTime": false,
  "enableMoveBrkBackS": false,
  "enableMoveBrkPreS": false,
  "frontSight": "",
  "horizontalAlignment": 2,
  "icon": "@asset/Texture/Skill/common/icon_开枪_act.png",
  "icon_pushed": "@asset/Texture/Skill/common/icon_开枪_nor.png",
  "ignoreCastSkillBackS": false,
  "ignoreCastSkillPreS": true,
  "ignoreJumpBackS": false,
  "ignoreJumpPreS": false,
  "ignoreMoveBackS": false,
  "ignoreMovePreS": false,
  "isClick": false,
  "isShowCdPoint": false,
  "isTouch": false,
  "missileCfg": [
    "myplugin/b5d4d4ac-0039-4953-9f15-939d78995c60"
  ],
  "missileCount": 1,
  "preSwingTime": 0,
  "sensitivityFactor": 1,
  "startAction": "",
  "startActionTime": 0,
  "startFrom": "foot",
  "startPitch": [
    0
  ],
  "startPos": [
    {
      "x": 0,
      "y": 1.6,
      "z": 0
    }
  ],
  "startWait": [
    0
  ],
  "startYaw": [
    0
  ],
  "sustainAction": "",
  "targetType": "Camera",
  "type": "Missile",
  "verticalAlignment": 2
}