{
  "autoRotateColliderBox": true,
  "collideEntity": 6,
  "collider": {
    "offset": {
      "x": 0,
      "y": 0,
      "z": 0
    },
    "radius": 0.45,
    "rotation": {
      "x": 0,
      "y": 0,
      "z": 0
    },
    "type": "Sphere"
  },
  "followTarget": false,
  "followTargetRotation": true,
  "followTargetRotationOffset": {
    "x": 0,
    "y": 0,
    "z": 0
  },
  "gravity": 0,
  "hitEntityCount": 1,
  "hitEntityEffect": {
    "effect": "@asset/auxiliary/ice.effect",
    "once": false,
    "pos": {
      "x": 0,
      "y": -1,
      "z": 1.5
    },
    "scale": {
      "x": 1,
      "y": 1,
      "z": 1
    },
    "yaw": 0
  },
  "hitEntitySkill": "myplugin/Knockback",
  "hitEntitysRoles": [
    "hitAllTeam",
    "hitAllEntitys",
    "hitAllConfigEntity"
  ],
  "hitInterval": 10,
  "isPitch": true,
  "lifeTime": 60,
  "lockRotateBodyPitch": 0,
  "lockRotateBodyRoll": 0,
  "lockRotateBodyYaw": 0,
  "modelSizeScale": {
    "x": 1,
    "y": 1,
    "z": 1
  },
  "moveAcc": 0,
  "moveSpeed": 0.75,
  "rotateFree": true,
  "rotateSpeed": 0,
  "startEffect": {
    "effect": "@asset/auxiliary/111_newchest1.effect",
    "once": false,
    "pos": {
      "x": 0,
      "y": 0,
      "z": 0
    },
    "scale": {
      "x": 1,
      "y": 1,
      "z": 1
    },
    "yaw": 0
  },
  "startWithMoveAcc": true,
  "vanishShow": false,
  "vanishTime": 60
}