{
  "canAbandon": false,
  "candrop": true,
  "canEquipPlural": true,
  "canUse": false,
  "dropSpeed": 0.2,
  "handItemBoneName": "Bip001_L_Finger01",
  "icon": "@asset/warrior/dao.png",
  "itemintroduction": "5cba3d8c-1190-4311-8810-9310398a8555",
  "itemname": "item_epee",
  "mesh": "asset/warrior/hunter_dao.mesh",
  "needSave": false,
  "skill": [
    "myplugin/SwordAttack"
  ],
  "stack_count_max": 1,
  "syncGameData": {
    "currentCapacity": true,
    "extCapacity": true
  },
  "trap": false
}