{
  "addCollision": 0,
  "antiGravity": 0,
  "continueDamage": 0,
  "continueHeal": 0,
  "damage": 0,
  "damagePct": 0,
  "deadRemove": false,
  "deDmgPct": 0,
  "dropDamageRatio": 0,
  "dropDamageStart": 0,
  "gravity": 0,
  "hide": 0,
  "jumpSpeed": 0,
  "maxHp": 0,
  "moveAcc": 0,
  "moveFactor": 0,
  "moveSpeed": 0,
  "needSave": false,
  "reachDistance": 0,
  "skin": {
    "custom_hand": "custom_hand_y"
  },
  "sync": "all",
  "unassailable": 0,
  "undamageable": 0
}