{
  "bake_texture_size": 64,
  "blinn": 0,
  "canBreak": true,
  "hdr": 0,
  "hideCloud": true,
  "is_bake_light_effect_visible": false,
  "moveDownGravity": 0.15,
  "scene": [
    {
      "attributes": [],
      "class": "VoxelTerrain",
      "customProperties": [],
      "properties": {
        "collisionGroup": "1",
        "id": "8779655002469220353",
        "isVisibleInEditor": "true",
        "name": "VoxelTerrain",
        "uniqueKey": "",
        "useForCollision": "false"
      }
    },
    {
      "class": "Light",
      "customProperties": [],
      "properties": {
        "bakeTextureWeight": "1",
        "batchType": "Dynamic",
        "canAcceptShadow": "true",
        "canGenerateShadow": "true",
        "id": "8779655002982187009",
        "ID": "5",
        "isVisibleInEditor": "true",
        "lightActived": "true",
        "lightAngle": "30.0",
        "lightBrightness": "1.0",
        "lightColor": "r:1.0 g:1.0 b:1.0 a:1.0",
        "lightLength": "1.0",
        "lightRange": "8.0",
        "lightType": "GlobalLight",
        "lightWidth": "1.0",
        "name": "EnvironmentLight",
        "needSync": "false",
        "position": "x:0 y:0 z:0",
        "rotation": "x:0 y:0 z:0",
        "scale": "x:1 y:1 z:1",
        "selectable": "true",
        "shadowsDistance": "20.0",
        "shadowsIntensity": "1.0",
        "shadowsOffset": "0.02",
        "shadowsPresicion": "1024",
        "shadowsType": "null",
        "skyColor": "r:0.498039215686275 g:0.513725490196078 b:0.545098039215686 a:1.0",
        "skyLineColor": "r:0.23921568627451 g:0.227450980392157 b:0.207843137254902 a:1.0",
        "useAnchor": "false",
        "useForCollision": "false"
      }
    },
    {
      "class": "Light",
      "customProperties": [],
      "properties": {
        "bakeTextureWeight": "1",
        "batchType": "Dynamic",
        "canAcceptShadow": "true",
        "canGenerateShadow": "true",
        "id": "8779655003744108545",
        "ID": "6",
        "isVisibleInEditor": "true",
        "lightActived": "true",
        "lightAngle": "30.0",
        "lightBrightness": "1.0",
        "lightColor": "r:1.0 g:1.0 b:1.0 a:1.0",
        "lightLength": "1.0",
        "lightRange": "8.0",
        "lightType": "DirectionalLight",
        "lightWidth": "1.0",
        "name": "DirectionalLight",
        "needSync": "false",
        "position": "x:0 y:5 z:0",
        "rotation": "x:0 y:-90 z:0",
        "scale": "x:1 y:1 z:1",
        "selectable": "true",
        "shadowsDistance": "20.0",
        "shadowsIntensity": "1.0",
        "shadowsOffset": "0.02",
        "shadowsPresicion": "1024",
        "shadowsType": "null",
        "skyColor": "r:0.498039215686275 g:0.513725490196078 b:0.545098039215686 a:1.0",
        "skyLineColor": "r:0.23921568627451 g:0.227450980392157 b:0.207843137254902 a:1.0",
        "useAnchor": "false",
        "useForCollision": "false"
      }
    },
    {
      "attributes": [],
      "class": "MeshPart",
      "customProperties": [],
      "properties": {
        "angleVelocity": "x:0 y:0 z:0",
        "autoAnchor": "true",
        "bakeTextureWeight": "1",
        "batchType": "Dynamic",
        "bloom": "false",
        "booleanOperation": "0",
        "btsKey": "89c668c8-a943-4bf2-ad10-73515192b84e",
        "cameraCollideEnable": "true",
        "canAcceptShadow": "true",
        "canGenerateShadow": "true",
        "collisionFidelity": "0",
        "collisionGroup": "1",
        "collisionUniqueKey": "8779663555069542401",
        "customShapeData": "",
        "customThreshold": "1",
        "density": "2.2",
        "discardAlpha": "1",
        "friction": "0.37",
        "id": "8779663555069542401",
        "isLockedInEditor": "false",
        "isVisibleInEditor": "true",
        "lineVelocity": "x:0 y:0 z:0",
        "localAnchorPoint": "x:0 y:0 z:0",
        "lodData": {
          "lodModelItem": []
        },
        "lodGroup": "",
        "mass": "2379.575",
        "massCenter": "x:-33.322834014893 y:2.7240009307861 z:-34.829151153564",
        "materialAlpha": "1.0",
        "materialColor": "r:1.0 g:1.0 b:1.0 a:1.0",
        "materialOffset": "x:1 y:1 z:1.0",
        "materialTexture": "part_suliao.tga",
        "mesh": "asset/Mesh/Gray-White Stone/g2038_rock_1.mesh",
        "metalness": "0",
        "name": "Stone2",
        "needSync": "true",
        "originAnchor": "false",
        "partNavMeshType": "1",
        "position": "x:-33.322834014893 y:2.7240009307861 z:-34.829151153564",
        "restitution": "0.3",
        "rotation": "x:-3.3921744823456 y:-21.412273406982 z:-11.6248254776",
        "roughness": "0.9",
        "scale": "x:5.10474 y:5.10474 z:5.10474",
        "selectable": "true",
        "staticBatchNo": "",
        "staticObject": "false",
        "useAnchor": "true",
        "useCollide": "true",
        "useForCollision": "false",
        "useGravity": "true",
        "useLodModel": "false",
        "useTextureAlpha": "false"
      }
    },
    {
      "attributes": [],
      "class": "MeshPart",
      "customProperties": [],
      "properties": {
        "angleVelocity": "x:0 y:0 z:0",
        "autoAnchor": "true",
        "bakeTextureWeight": "1",
        "batchType": "Dynamic",
        "bloom": "false",
        "booleanOperation": "0",
        "btsKey": "64f02049-f021-4797-8c1a-0164afa2fe2d",
        "cameraCollideEnable": "true",
        "canAcceptShadow": "true",
        "canGenerateShadow": "true",
        "collisionFidelity": "0",
        "collisionGroup": "1",
        "collisionUniqueKey": "8779679593232154625",
        "customShapeData": "",
        "customThreshold": "1",
        "density": "2.2",
        "discardAlpha": "1",
        "friction": "0.37",
        "id": "8779679593232154625",
        "isLockedInEditor": "false",
        "isVisibleInEditor": "true",
        "lineVelocity": "x:0 y:0 z:0",
        "localAnchorPoint": "x:0 y:0 z:0",
        "lodData": {
          "lodModelItem": []
        },
        "lodGroup": "",
        "mass": "3109.5512207031",
        "massCenter": "x:-7.1157946586609 y:1.0212626457214 z:-29.731536865234",
        "materialAlpha": "1.0",
        "materialColor": "r:1.0 g:1.0 b:1.0 a:1.0",
        "materialOffset": "x:1 y:1 z:1.0",
        "materialTexture": "part_suliao.tga",
        "mesh": "asset/Mesh/Large Gray-White Square Stone/g2038_rock_2.mesh",
        "metalness": "0",
        "name": "Stone",
        "needSync": "true",
        "originAnchor": "false",
        "partNavMeshType": "1",
        "position": "x:-7.1157946586609 y:1.0212626457214 z:-29.731536865234",
        "restitution": "0.3",
        "rotation": "x:0 y:0 z:0",
        "roughness": "0.9",
        "scale": "x:6.03047 y:6.03044 z:6.03044",
        "selectable": "true",
        "staticBatchNo": "",
        "staticObject": "false",
        "useAnchor": "true",
        "useCollide": "true",
        "useForCollision": "false",
        "useGravity": "true",
        "useLodModel": "false",
        "useTextureAlpha": "false"
      }
    },
    {
      "attributes": [],
      "class": "Part",
      "customProperties": [],
      "properties": {
        "angleVelocity": "x:0 y:0 z:0",
        "bakeTextureWeight": "1",
        "batchType": "Dynamic",
        "bloom": "false",
        "booleanOperation": "0",
        "btsKey": "7f801a98-8488-42e9-a4b0-9836fe0d4917",
        "cameraCollideEnable": "true",
        "canAcceptShadow": "true",
        "canGenerateShadow": "true",
        "collisionFidelity": "0",
        "collisionGroup": "1",
        "collisionUniqueKey": "",
        "customThreshold": "1",
        "density": "0.9",
        "discardAlpha": "0.0",
        "friction": "0.022",
        "id": "8779705400753143809",
        "isLockedInEditor": "false",
        "isVisibleInEditor": "true",
        "lineVelocity": "x:0 y:0 z:0",
        "mass": "2736.0",
        "massCenter": "x:-21.512 y:1.4998998641968 z:-10.901",
        "materialAlpha": "1.0",
        "materialColor": "r:0.0 g:1.0 b:1.0 a:1.0",
        "materialOffset": "x:1 y:1 z:1.0",
        "materialTexture": "part_bingkuai.tga",
        "name": "Part",
        "needSync": "true",
        "partNavMeshType": "1",
        "position": "x:-21.512 y:1.4998998641968 z:-10.901",
        "restitution": "0.2",
        "rotation": "x:0 y:0 z:0",
        "scale": "x:38 y:8 z:10",
        "selectable": "true",
        "shape": "1",
        "staticBatchNo": "",
        "staticObject": "false",
        "useAnchor": "true",
        "useCollide": "true",
        "useForCollision": "false",
        "useGravity": "true",
        "useTextureAlpha": "false"
      }
    },
    {
      "attributes": [],
      "class": "EffectPart",
      "customProperties": [],
      "properties": {
        "bakeTextureWeight": "1",
        "batchType": "Dynamic",
        "canAcceptShadow": "true",
        "canGenerateShadow": "true",
        "effectFilePath": "asset/effect/Blue Flat Water Effect/lr204_surface_blue_01_3d.effect",
        "id": "8780699473324818433",
        "isVisibleInEditor": "true",
        "loopCount": "-1",
        "loopInterval": "0.0",
        "loopReset": "false",
        "maxViewDistance": "-1",
        "name": "EffectPart",
        "needSync": "true",
        "position": "x:-15.3 y:5.6 z:-9.8",
        "rotation": "x:0 y:0 z:0",
        "scale": "x:13 y:5 z:4",
        "selectable": "true",
        "useAnchor": "false",
        "useForCollision": "false",
        "visible": "true"
      }
    },
    {
      "attributes": [],
      "class": "MeshPart",
      "customProperties": [],
      "properties": {
        "angleVelocity": "x:0 y:0 z:0",
        "autoAnchor": "true",
        "bakeTextureWeight": "1",
        "batchType": "Dynamic",
        "bloom": "false",
        "booleanOperation": "0",
        "btsKey": "64f02049-f021-4797-8c1a-0164afa2fe2d",
        "cameraCollideEnable": "true",
        "canAcceptShadow": "true",
        "canGenerateShadow": "true",
        "collisionFidelity": "0",
        "collisionGroup": "1",
        "collisionUniqueKey": "8779679593232154625",
        "customShapeData": "",
        "customThreshold": "1",
        "density": "2.2",
        "discardAlpha": "1",
        "friction": "0.37",
        "id": "8779734612893433857",
        "isLockedInEditor": "false",
        "isVisibleInEditor": "true",
        "lineVelocity": "x:0 y:0 z:0",
        "localAnchorPoint": "x:0 y:0 z:0",
        "lodData": {
          "lodModelItem": []
        },
        "lodGroup": "",
        "mass": "5167.8359863281",
        "massCenter": "x:-34.002723693848 y:8.2036514282227 z:-11.869523048401",
        "materialAlpha": "1.0",
        "materialColor": "r:1.0 g:1.0 b:1.0 a:1.0",
        "materialOffset": "x:1 y:1 z:1.0",
        "materialTexture": "part_suliao.tga",
        "mesh": "asset/Mesh/Large Gray-White Square Stone/g2038_rock_2.mesh",
        "metalness": "0",
        "name": "Stone",
        "needSync": "true",
        "originAnchor": "false",
        "partNavMeshType": "1",
        "position": "x:-34.002723693848 y:8.2036514282227 z:-11.869523048401",
        "restitution": "0.3",
        "rotation": "x:0 y:90 z:0",
        "roughness": "0.9",
        "scale": "x:7.14312 y:7.14309 z:7.14309",
        "selectable": "true",
        "staticBatchNo": "",
        "staticObject": "false",
        "useAnchor": "true",
        "useCollide": "true",
        "useForCollision": "false",
        "useGravity": "true",
        "useLodModel": "false",
        "useTextureAlpha": "false"
      }
    },
    {
      "attributes": [],
      "class": "EffectPart",
      "customProperties": [],
      "properties": {
        "bakeTextureWeight": "1",
        "batchType": "Dynamic",
        "canAcceptShadow": "true",
        "canGenerateShadow": "true",
        "effectFilePath": "asset/effect/Blue Vertical Waterfall Effect/lr204_falls_white_3d.effect",
        "id": "8779736187005616129",
        "isVisibleInEditor": "true",
        "loopCount": "-1",
        "loopInterval": "0.0",
        "loopReset": "false",
        "maxViewDistance": "-1",
        "name": "EffectPart",
        "needSync": "true",
        "position": "x:-28 y:8.2 z:-10",
        "rotation": "x:0 y:80 z:0",
        "scale": "x:7 y:5 z:5",
        "selectable": "true",
        "useAnchor": "false",
        "useForCollision": "false",
        "visible": "true"
      }
    },
    {
      "attributes": [],
      "class": "MeshPart",
      "customProperties": [],
      "properties": {
        "angleVelocity": "x:0 y:0 z:0",
        "autoAnchor": "true",
        "bakeTextureWeight": "1",
        "batchType": "Dynamic",
        "bloom": "false",
        "booleanOperation": "0",
        "btsKey": "64f02049-f021-4797-8c1a-0164afa2fe2d",
        "cameraCollideEnable": "true",
        "canAcceptShadow": "true",
        "canGenerateShadow": "true",
        "collisionFidelity": "0",
        "collisionGroup": "1",
        "collisionUniqueKey": "8779679593232154625",
        "customShapeData": "",
        "customThreshold": "1",
        "density": "2.2",
        "discardAlpha": "1",
        "friction": "0.37",
        "id": "8779747447181770753",
        "isLockedInEditor": "false",
        "isVisibleInEditor": "true",
        "lineVelocity": "x:0 y:0 z:0",
        "localAnchorPoint": "x:0 y:0 z:0",
        "lodData": {
          "lodModelItem": []
        },
        "lodGroup": "",
        "mass": "2724.4051269531",
        "massCenter": "x:-32.821731567383 y:8.5266532897949 z:-4.5045280456543",
        "materialAlpha": "1.0",
        "materialColor": "r:1.0 g:1.0 b:1.0 a:1.0",
        "materialOffset": "x:1 y:1 z:1.0",
        "materialTexture": "part_suliao.tga",
        "mesh": "asset/Mesh/Large Gray-White Square Stone/g2038_rock_2.mesh",
        "metalness": "0",
        "name": "Stone",
        "needSync": "true",
        "originAnchor": "false",
        "partNavMeshType": "1",
        "position": "x:-32.821731567383 y:8.5266532897949 z:-4.5045280456543",
        "restitution": "0.3",
        "rotation": "x:0 y:0 z:0",
        "roughness": "0.9",
        "scale": "x:5.77044 y:5.77041 z:5.77042",
        "selectable": "true",
        "staticBatchNo": "",
        "staticObject": "false",
        "useAnchor": "true",
        "useCollide": "true",
        "useForCollision": "false",
        "useGravity": "true",
        "useLodModel": "false",
        "useTextureAlpha": "false"
      }
    },
    {
      "attributes": [],
      "class": "MeshPart",
      "customProperties": [],
      "properties": {
        "angleVelocity": "x:0 y:0 z:0",
        "autoAnchor": "true",
        "bakeTextureWeight": "1",
        "batchType": "Dynamic",
        "bloom": "false",
        "booleanOperation": "0",
        "btsKey": "89c668c8-a943-4bf2-ad10-73515192b84e",
        "cameraCollideEnable": "true",
        "canAcceptShadow": "true",
        "canGenerateShadow": "true",
        "collisionFidelity": "0",
        "collisionGroup": "1",
        "collisionUniqueKey": "8779663555069542401",
        "customShapeData": "",
        "customThreshold": "1",
        "density": "2.2",
        "discardAlpha": "1",
        "friction": "0.37",
        "id": "8779752747429658625",
        "isLockedInEditor": "false",
        "isVisibleInEditor": "true",
        "lineVelocity": "x:0 y:0 z:0",
        "localAnchorPoint": "x:0 y:0 z:0",
        "lodData": {
          "lodModelItem": []
        },
        "lodGroup": "",
        "mass": "186.37418365479",
        "massCenter": "x:24.441648483276 y:6.125816822052 z:-23.070749282837",
        "materialAlpha": "1.0",
        "materialColor": "r:1.0 g:1.0 b:1.0 a:1.0",
        "materialOffset": "x:1 y:1 z:1.0",
        "materialTexture": "part_suliao.tga",
        "mesh": "asset/Mesh/Gray Arch Bridge/g2021_huoshan_qiao.mesh",
        "metalness": "0",
        "name": "Bridge",
        "needSync": "true",
        "originAnchor": "false",
        "partNavMeshType": "1",
        "position": "x:24.441648483276 y:6.125816822052 z:-23.070749282837",
        "restitution": "0.3",
        "rotation": "x:0 y:0 z:0",
        "roughness": "0.9",
        "scale": "x:0.399685 y:0.399685 z:0.399685",
        "selectable": "true",
        "staticBatchNo": "",
        "staticObject": "false",
        "useAnchor": "true",
        "useCollide": "true",
        "useForCollision": "false",
        "useGravity": "true",
        "useLodModel": "false",
        "useTextureAlpha": "false"
      }
    },
    {
      "attributes": [],
      "class": "MeshPart",
      "customProperties": [],
      "properties": {
        "angleVelocity": "x:0 y:0 z:0",
        "autoAnchor": "true",
        "bakeTextureWeight": "1",
        "batchType": "Dynamic",
        "bloom": "false",
        "booleanOperation": "0",
        "btsKey": "89c668c8-a943-4bf2-ad10-73515192b84e",
        "cameraCollideEnable": "true",
        "canAcceptShadow": "true",
        "canGenerateShadow": "true",
        "collisionFidelity": "0",
        "collisionGroup": "1",
        "collisionUniqueKey": "8779663555069542401",
        "customShapeData": "",
        "customThreshold": "1",
        "density": "2.2",
        "discardAlpha": "1",
        "friction": "0.37",
        "id": "8779756771185917953",
        "isLockedInEditor": "true",
        "isVisibleInEditor": "true",
        "lineVelocity": "x:0 y:0 z:0",
        "localAnchorPoint": "x:0 y:0 z:0",
        "lodData": {
          "lodModelItem": []
        },
        "lodGroup": "",
        "mass": "16896.095605469",
        "massCenter": "x:11.691274642944 y:3.7548174858093 z:11.112414360046",
        "materialAlpha": "1.0",
        "materialColor": "r:1.0 g:1.0 b:1.0 a:1.0",
        "materialOffset": "x:1 y:1 z:1.0",
        "materialTexture": "part_suliao.tga",
        "mesh": "asset/Mesh/Octagonal Array Stone Island/g2030_island_rishi_3.mesh",
        "metalness": "0",
        "name": "Castle",
        "needSync": "true",
        "originAnchor": "false",
        "partNavMeshType": "1",
        "position": "x:11.691274642944 y:3.7548174858093 z:11.112414360046",
        "restitution": "0.3",
        "rotation": "x:0 y:93 z:0",
        "roughness": "0.9",
        "scale": "x:1.33261 y:1.33261 z:1.33261",
        "selectable": "true",
        "staticBatchNo": "",
        "staticObject": "false",
        "useAnchor": "true",
        "useCollide": "true",
        "useForCollision": "false",
        "useGravity": "true",
        "useLodModel": "false",
        "useTextureAlpha": "false"
      }
    },
    {
      "attributes": [],
      "class": "MeshPart",
      "customProperties": [],
      "properties": {
        "angleVelocity": "x:0 y:0 z:0",
        "autoAnchor": "true",
        "bakeTextureWeight": "1",
        "batchType": "Dynamic",
        "bloom": "false",
        "booleanOperation": "0",
        "btsKey": "64f02049-f021-4797-8c1a-0164afa2fe2d",
        "cameraCollideEnable": "true",
        "canAcceptShadow": "true",
        "canGenerateShadow": "true",
        "collisionFidelity": "0",
        "collisionGroup": "1",
        "collisionUniqueKey": "8779679593232154625",
        "customShapeData": "",
        "customThreshold": "1",
        "density": "2.2",
        "discardAlpha": "1",
        "friction": "0.37",
        "id": "8779769401348390913",
        "isLockedInEditor": "false",
        "isVisibleInEditor": "true",
        "lineVelocity": "x:0 y:0 z:0",
        "localAnchorPoint": "x:0 y:0 z:0",
        "lodData": {
          "lodModelItem": []
        },
        "lodGroup": "",
        "mass": "3109.5512207031",
        "massCenter": "x:-1.5547944307327 y:2.7822625637054 z:-14.57054233551",
        "materialAlpha": "1.0",
        "materialColor": "r:1.0 g:1.0 b:1.0 a:1.0",
        "materialOffset": "x:1 y:1 z:1.0",
        "materialTexture": "part_suliao.tga",
        "mesh": "asset/Mesh/Large Gray-White Square Stone/g2038_rock_2.mesh",
        "metalness": "0",
        "name": "Stone",
        "needSync": "true",
        "originAnchor": "false",
        "partNavMeshType": "1",
        "position": "x:-1.5547944307327 y:2.7822625637054 z:-14.57054233551",
        "restitution": "0.3",
        "rotation": "x:0 y:0 z:0",
        "roughness": "0.9",
        "scale": "x:6.03047 y:6.03044 z:6.03044",
        "selectable": "true",
        "staticBatchNo": "",
        "staticObject": "false",
        "useAnchor": "true",
        "useCollide": "true",
        "useForCollision": "false",
        "useGravity": "true",
        "useLodModel": "false",
        "useTextureAlpha": "false"
      }
    },
    {
      "attributes": [],
      "class": "MeshPart",
      "customProperties": [],
      "properties": {
        "angleVelocity": "x:0 y:0 z:0",
        "autoAnchor": "true",
        "bakeTextureWeight": "1",
        "batchType": "Dynamic",
        "bloom": "false",
        "booleanOperation": "0",
        "btsKey": "64f02049-f021-4797-8c1a-0164afa2fe2d",
        "cameraCollideEnable": "true",
        "canAcceptShadow": "true",
        "canGenerateShadow": "true",
        "collisionFidelity": "0",
        "collisionGroup": "1",
        "collisionUniqueKey": "8779679593232154625",
        "customShapeData": "",
        "customThreshold": "1",
        "density": "2.2",
        "discardAlpha": "1",
        "friction": "0.37",
        "id": "8779778333990993921",
        "isLockedInEditor": "false",
        "isVisibleInEditor": "true",
        "lineVelocity": "x:0 y:0 z:0",
        "localAnchorPoint": "x:0 y:0 z:0",
        "lodData": {
          "lodModelItem": []
        },
        "lodGroup": "",
        "mass": "3109.5517578125",
        "massCenter": "x:-5.4975047111511 y:-0.24573683738708 z:-6.5795307159424",
        "materialAlpha": "1.0",
        "materialColor": "r:1.0 g:1.0 b:1.0 a:1.0",
        "materialOffset": "x:1 y:1 z:1.0",
        "materialTexture": "part_suliao.tga",
        "mesh": "asset/Mesh/Large Gray-White Square Stone/g2038_rock_2.mesh",
        "metalness": "0",
        "name": "Stone",
        "needSync": "true",
        "originAnchor": "false",
        "partNavMeshType": "1",
        "position": "x:-5.4975047111511 y:-0.24573683738708 z:-6.5795307159424",
        "restitution": "0.3",
        "rotation": "x:0 y:0 z:0",
        "roughness": "0.9",
        "scale": "x:6.03047 y:6.03044 z:6.03044",
        "selectable": "true",
        "staticBatchNo": "",
        "staticObject": "false",
        "useAnchor": "true",
        "useCollide": "true",
        "useForCollision": "false",
        "useGravity": "true",
        "useLodModel": "false",
        "useTextureAlpha": "false"
      }
    },
    {
      "attributes": [],
      "class": "EffectPart",
      "customProperties": [],
      "properties": {
        "bakeTextureWeight": "1",
        "batchType": "Dynamic",
        "canAcceptShadow": "true",
        "canGenerateShadow": "true",
        "effectFilePath": "asset/effect/Blue Vertical Waterfall Effect/lr204_falls_white_3d.effect",
        "id": "8779791288458362881",
        "isVisibleInEditor": "true",
        "loopCount": "-1",
        "loopInterval": "0.0",
        "loopReset": "false",
        "maxViewDistance": "-1",
        "name": "EffectPart",
        "needSync": "true",
        "position": "x:-1.9 y:3 z:-8",
        "rotation": "x:0 y:90 z:0",
        "scale": "x:7 y:2 z:1",
        "selectable": "true",
        "useAnchor": "false",
        "useForCollision": "false",
        "visible": "true"
      }
    },
    {
      "attributes": [],
      "class": "MeshPart",
      "customProperties": [],
      "properties": {
        "angleVelocity": "x:0 y:0 z:0",
        "autoAnchor": "true",
        "bakeTextureWeight": "1",
        "batchType": "Dynamic",
        "bloom": "false",
        "booleanOperation": "0",
        "btsKey": "89c668c8-a943-4bf2-ad10-73515192b84e",
        "cameraCollideEnable": "true",
        "canAcceptShadow": "true",
        "canGenerateShadow": "true",
        "collisionFidelity": "0",
        "collisionGroup": "1",
        "collisionUniqueKey": "8779663555069542401",
        "customShapeData": "",
        "customThreshold": "1",
        "density": "2.2",
        "discardAlpha": "1",
        "friction": "0.37",
        "id": "8779823613487792129",
        "isLockedInEditor": "false",
        "isVisibleInEditor": "true",
        "lineVelocity": "x:0 y:0 z:0",
        "localAnchorPoint": "x:0 y:0 z:0",
        "lodData": {
          "lodModelItem": []
        },
        "lodGroup": "",
        "mass": "43.668360137939",
        "massCenter": "x:30.769216537476 y:8.9968175888062 z:-0.22496877610683",
        "materialAlpha": "1.0",
        "materialColor": "r:1.0 g:1.0 b:1.0 a:1.0",
        "materialOffset": "x:1 y:1 z:1.0",
        "materialTexture": "part_suliao.tga",
        "mesh": "asset/Mesh/Gray Arched Stone Bridge/g2044_7080_bridge01.mesh",
        "metalness": "0",
        "name": "Bridge2",
        "needSync": "true",
        "originAnchor": "false",
        "partNavMeshType": "1",
        "position": "x:30.769216537476 y:8.9968175888062 z:-0.22496877610683",
        "restitution": "0.3",
        "rotation": "x:0 y:90.999992370605 z:0",
        "roughness": "0.9",
        "scale": "x:0.26138 y:0.26138 z:0.26138",
        "selectable": "true",
        "staticBatchNo": "",
        "staticObject": "false",
        "useAnchor": "true",
        "useCollide": "true",
        "useForCollision": "false",
        "useGravity": "true",
        "useLodModel": "false",
        "useTextureAlpha": "false"
      }
    },
    {
      "attributes": [],
      "class": "MeshPart",
      "customProperties": [],
      "properties": {
        "angleVelocity": "x:0 y:0 z:0",
        "autoAnchor": "true",
        "bakeTextureWeight": "1",
        "batchType": "Dynamic",
        "bloom": "false",
        "booleanOperation": "0",
        "btsKey": "3b577aee-7e70-4d5c-b4b4-d2ddcb99602e",
        "cameraCollideEnable": "true",
        "canAcceptShadow": "true",
        "canGenerateShadow": "true",
        "collisionFidelity": "0",
        "collisionGroup": "1",
        "collisionUniqueKey": "8779834418119671809",
        "customShapeData": "",
        "customThreshold": "1",
        "density": "2.2",
        "discardAlpha": "1",
        "friction": "0.37",
        "id": "8779834418119671809",
        "isLockedInEditor": "false",
        "isVisibleInEditor": "true",
        "lineVelocity": "x:0 y:0 z:0",
        "localAnchorPoint": "x:0 y:0 z:0",
        "lodData": {
          "lodModelItem": []
        },
        "lodGroup": "",
        "mass": "3.4889851331711",
        "massCenter": "x:-11.491011619568 y:6.1940002441406 z:-19.921245574951",
        "materialAlpha": "1.0",
        "materialColor": "r:1.0 g:1.0 b:1.0 a:1.0",
        "materialOffset": "x:1 y:1 z:1.0",
        "materialTexture": "part_suliao.tga",
        "mesh": "asset/stone/g2030_zs_17_1.mesh",
        "metalness": "0",
        "name": "Stone3",
        "needSync": "true",
        "originAnchor": "false",
        "partNavMeshType": "1",
        "position": "x:-11.491011619568 y:6.1940002441406 z:-19.921245574951",
        "restitution": "0.3",
        "rotation": "x:0 y:0 z:0",
        "roughness": "0.9",
        "scale": "x:3.19919 y:3.19919 z:3.19919",
        "selectable": "true",
        "staticBatchNo": "",
        "staticObject": "false",
        "useAnchor": "true",
        "useCollide": "true",
        "useForCollision": "false",
        "useGravity": "true",
        "useLodModel": "false",
        "useTextureAlpha": "false"
      }
    },
    {
      "attributes": [],
      "class": "MeshPart",
      "customProperties": [],
      "properties": {
        "angleVelocity": "x:0 y:0 z:0",
        "autoAnchor": "true",
        "bakeTextureWeight": "1",
        "batchType": "Dynamic",
        "bloom": "false",
        "booleanOperation": "0",
        "btsKey": "3b577aee-7e70-4d5c-b4b4-d2ddcb99602e",
        "cameraCollideEnable": "true",
        "canAcceptShadow": "true",
        "canGenerateShadow": "true",
        "collisionFidelity": "0",
        "collisionGroup": "1",
        "collisionUniqueKey": "8779834418119671809",
        "customShapeData": "",
        "customThreshold": "1",
        "density": "2.2",
        "discardAlpha": "1",
        "friction": "0.37",
        "id": "8779835123292667905",
        "isLockedInEditor": "false",
        "isVisibleInEditor": "true",
        "lineVelocity": "x:0 y:0 z:0",
        "localAnchorPoint": "x:0 y:0 z:0",
        "lodData": {
          "lodModelItem": []
        },
        "lodGroup": "",
        "mass": "3.4889840841293",
        "massCenter": "x:-16.55500793457 y:6.2450013160706 z:-18.904245376587",
        "materialAlpha": "1.0",
        "materialColor": "r:1.0 g:1.0 b:1.0 a:1.0",
        "materialOffset": "x:1 y:1 z:1.0",
        "materialTexture": "part_suliao.tga",
        "mesh": "asset/stone/g2030_zs_17_1.mesh",
        "metalness": "0",
        "name": "Stone3",
        "needSync": "true",
        "originAnchor": "false",
        "partNavMeshType": "1",
        "position": "x:-16.55500793457 y:6.2450013160706 z:-18.904245376587",
        "restitution": "0.3",
        "rotation": "x:0 y:0 z:0",
        "roughness": "0.9",
        "scale": "x:3.19919 y:3.19919 z:3.19919",
        "selectable": "true",
        "staticBatchNo": "",
        "staticObject": "false",
        "useAnchor": "true",
        "useCollide": "true",
        "useForCollision": "false",
        "useGravity": "true",
        "useLodModel": "false",
        "useTextureAlpha": "false"
      }
    },
    {
      "attributes": [],
      "class": "MeshPart",
      "customProperties": [],
      "properties": {
        "angleVelocity": "x:0 y:0 z:0",
        "autoAnchor": "true",
        "bakeTextureWeight": "1",
        "batchType": "Dynamic",
        "bloom": "false",
        "booleanOperation": "0",
        "btsKey": "3b577aee-7e70-4d5c-b4b4-d2ddcb99602e",
        "cameraCollideEnable": "true",
        "canAcceptShadow": "true",
        "canGenerateShadow": "true",
        "collisionFidelity": "0",
        "collisionGroup": "1",
        "collisionUniqueKey": "8779834418119671809",
        "customShapeData": "",
        "customThreshold": "1",
        "density": "2.2",
        "discardAlpha": "1",
        "friction": "0.37",
        "id": "8779835459884400641",
        "isLockedInEditor": "false",
        "isVisibleInEditor": "true",
        "lineVelocity": "x:0 y:0 z:0",
        "localAnchorPoint": "x:0 y:0 z:0",
        "lodData": {
          "lodModelItem": []
        },
        "lodGroup": "",
        "mass": "0.77228145599365",
        "massCenter": "x:-21.159004211426 y:6.2420010566711 z:-15.976246833801",
        "materialAlpha": "1.0",
        "materialColor": "r:1.0 g:1.0 b:1.0 a:1.0",
        "materialOffset": "x:1 y:1 z:1.0",
        "materialTexture": "part_suliao.tga",
        "mesh": "asset/stone/g2030_zs_17_1.mesh",
        "metalness": "0",
        "name": "Stone3",
        "needSync": "true",
        "originAnchor": "false",
        "partNavMeshType": "1",
        "position": "x:-21.159004211426 y:6.2420010566711 z:-15.976246833801",
        "restitution": "0.3",
        "rotation": "x:0 y:0 z:0",
        "roughness": "0.9",
        "scale": "x:1.93523 y:1.93523 z:1.93523",
        "selectable": "true",
        "staticBatchNo": "",
        "staticObject": "false",
        "useAnchor": "true",
        "useCollide": "true",
        "useForCollision": "false",
        "useGravity": "true",
        "useLodModel": "false",
        "useTextureAlpha": "false"
      }
    },
    {
      "attributes": [],
      "class": "MeshPart",
      "customProperties": [],
      "properties": {
        "angleVelocity": "x:0 y:0 z:0",
        "autoAnchor": "true",
        "bakeTextureWeight": "1",
        "batchType": "Dynamic",
        "bloom": "false",
        "booleanOperation": "0",
        "btsKey": "1044c062-8b29-46dd-b756-fd19bdf61094",
        "cameraCollideEnable": "true",
        "canAcceptShadow": "true",
        "canGenerateShadow": "true",
        "collisionFidelity": "0",
        "collisionGroup": "1",
        "collisionUniqueKey": "8779839130667483137",
        "customShapeData": "",
        "customThreshold": "1",
        "density": "2.2",
        "discardAlpha": "1",
        "friction": "0.37",
        "id": "8779839130667483137",
        "isLockedInEditor": "false",
        "isVisibleInEditor": "true",
        "lineVelocity": "x:0 y:0 z:0",
        "localAnchorPoint": "x:0 y:0 z:0",
        "lodData": {
          "lodModelItem": []
        },
        "lodGroup": "",
        "mass": "2444.840234375",
        "massCenter": "x:-31.343296051025 y:17.220640182495 z:-20.242206573486",
        "materialAlpha": "1.0",
        "materialColor": "r:1.0 g:1.0 b:1.0 a:1.0",
        "materialOffset": "x:1 y:1 z:1.0",
        "materialTexture": "part_suliao.tga",
        "mesh": "asset/Mesh/Brown Spire Tower/g2044_5060_house08.mesh",
        "metalness": "0",
        "name": "Building1",
        "needSync": "true",
        "originAnchor": "false",
        "partNavMeshType": "1",
        "position": "x:-31.343296051025 y:17.220640182495 z:-20.242206573486",
        "restitution": "0.3",
        "rotation": "x:0 y:0 z:0",
        "roughness": "0.9",
        "scale": "x:1.15216 y:1.15216 z:1.15216",
        "selectable": "true",
        "staticBatchNo": "",
        "staticObject": "false",
        "useAnchor": "true",
        "useCollide": "true",
        "useForCollision": "false",
        "useGravity": "true",
        "useLodModel": "false",
        "useTextureAlpha": "false"
      }
    },
    {
      "attributes": [],
      "class": "MeshPart",
      "customProperties": [],
      "properties": {
        "angleVelocity": "x:0 y:0 z:0",
        "autoAnchor": "true",
        "bakeTextureWeight": "1",
        "batchType": "Dynamic",
        "bloom": "false",
        "booleanOperation": "0",
        "btsKey": "1044c062-8b29-46dd-b756-fd19bdf61094",
        "cameraCollideEnable": "true",
        "canAcceptShadow": "true",
        "canGenerateShadow": "true",
        "collisionFidelity": "0",
        "collisionGroup": "1",
        "collisionUniqueKey": "8779839130667483137",
        "customShapeData": "",
        "customThreshold": "1",
        "density": "2.2",
        "discardAlpha": "1",
        "friction": "0.37",
        "id": "8779862221321093121",
        "isLockedInEditor": "false",
        "isVisibleInEditor": "true",
        "lineVelocity": "x:0 y:0 z:0",
        "localAnchorPoint": "x:0 y:0 z:0",
        "lodData": {
          "lodModelItem": []
        },
        "lodGroup": "",
        "mass": "800.79335327148",
        "massCenter": "x:25.385070800781 y:13.142635345459 z:-6.2504329681396",
        "materialAlpha": "1.0",
        "materialColor": "r:1.0 g:1.0 b:1.0 a:1.0",
        "materialOffset": "x:1 y:1 z:1.0",
        "materialTexture": "part_suliao.tga",
        "mesh": "asset/Mesh/Snow-Covered Trapezoidal Stone Pillars/g2021_xuejing_gaoqiang_02.mesh",
        "metalness": "0",
        "name": "BuildIce",
        "needSync": "true",
        "originAnchor": "false",
        "partNavMeshType": "1",
        "position": "x:25.385070800781 y:13.142635345459 z:-6.2504329681396",
        "restitution": "0.3",
        "rotation": "x:0 y:0 z:0",
        "roughness": "0.9",
        "scale": "x:2.34177 y:2.34177 z:2.34177",
        "selectable": "true",
        "staticBatchNo": "",
        "staticObject": "false",
        "useAnchor": "true",
        "useCollide": "true",
        "useForCollision": "false",
        "useGravity": "true",
        "useLodModel": "false",
        "useTextureAlpha": "false"
      }
    },
    {
      "attributes": [],
      "class": "MeshPart",
      "customProperties": [],
      "properties": {
        "angleVelocity": "x:0 y:0 z:0",
        "autoAnchor": "true",
        "bakeTextureWeight": "1",
        "batchType": "Dynamic",
        "bloom": "false",
        "booleanOperation": "0",
        "btsKey": "64ea4ac1-6ef8-4475-bdfb-abbd9beb347a",
        "cameraCollideEnable": "true",
        "canAcceptShadow": "true",
        "canGenerateShadow": "true",
        "collisionFidelity": "0",
        "collisionGroup": "1",
        "collisionUniqueKey": "8779866181760614401",
        "customShapeData": "",
        "customThreshold": "1",
        "density": "2.2",
        "discardAlpha": "1",
        "friction": "0.37",
        "id": "8779866181760614401",
        "isLockedInEditor": "false",
        "isVisibleInEditor": "true",
        "lineVelocity": "x:0 y:0 z:0",
        "localAnchorPoint": "x:0 y:0 z:0",
        "lodData": {
          "lodModelItem": []
        },
        "lodGroup": "",
        "mass": "17707.984765625",
        "massCenter": "x:29.787803649902 y:5.7943983078003 z:13.628764152527",
        "materialAlpha": "1.0",
        "materialColor": "r:1.0 g:1.0 b:1.0 a:1.0",
        "materialOffset": "x:1 y:1 z:1.0",
        "materialTexture": "part_suliao.tga",
        "mesh": "asset/Mesh/Huge Blue Ice Cone Island/g2030_island_bingdao_2.mesh",
        "metalness": "0",
        "name": "Stone_ice",
        "needSync": "true",
        "originAnchor": "false",
        "partNavMeshType": "1",
        "position": "x:29.787803649902 y:5.7943983078003 z:13.628764152527",
        "restitution": "0.3",
        "rotation": "x:0 y:-96.999984741211 z:0",
        "roughness": "0.9",
        "scale": "x:2.36098 y:2.36097 z:2.36098",
        "selectable": "true",
        "staticBatchNo": "",
        "staticObject": "false",
        "useAnchor": "true",
        "useCollide": "true",
        "useForCollision": "false",
        "useGravity": "true",
        "useLodModel": "false",
        "useTextureAlpha": "false"
      }
    },
    {
      "attributes": [],
      "class": "MeshPart",
      "customProperties": [],
      "properties": {
        "angleVelocity": "x:0 y:0 z:0",
        "autoAnchor": "true",
        "bakeTextureWeight": "1",
        "batchType": "Dynamic",
        "bloom": "false",
        "booleanOperation": "0",
        "btsKey": "89c668c8-a943-4bf2-ad10-73515192b84e",
        "cameraCollideEnable": "true",
        "canAcceptShadow": "true",
        "canGenerateShadow": "true",
        "collisionFidelity": "0",
        "collisionGroup": "1",
        "collisionUniqueKey": "8779663555069542401",
        "customShapeData": "",
        "customThreshold": "1",
        "density": "2.2",
        "discardAlpha": "1",
        "friction": "0.37",
        "id": "8779872359344652289",
        "isLockedInEditor": "false",
        "isVisibleInEditor": "true",
        "lineVelocity": "x:0 y:0 z:0",
        "localAnchorPoint": "x:0 y:0 z:0",
        "lodData": {
          "lodModelItem": []
        },
        "lodGroup": "",
        "mass": "124.53156967163",
        "massCenter": "x:31.193229675293 y:11.767821311951 z:3.0300304889679",
        "materialAlpha": "1.0",
        "materialColor": "r:1.0 g:1.0 b:1.0 a:1.0",
        "materialOffset": "x:1 y:1 z:1.0",
        "materialTexture": "part_suliao.tga",
        "mesh": "asset/Mesh/Blue Arch/g2038_door_01.mesh",
        "metalness": "0",
        "name": "GateIce",
        "needSync": "true",
        "originAnchor": "false",
        "partNavMeshType": "1",
        "position": "x:31.193229675293 y:11.767821311951 z:3.0300304889679",
        "restitution": "0.3",
        "rotation": "x:0 y:0 z:0",
        "roughness": "0.9",
        "scale": "x:0.654045 y:0.654044 z:0.654044",
        "selectable": "true",
        "staticBatchNo": "",
        "staticObject": "false",
        "useAnchor": "true",
        "useCollide": "true",
        "useForCollision": "false",
        "useGravity": "true",
        "useLodModel": "false",
        "useTextureAlpha": "false"
      }
    },
    {
      "attributes": [],
      "class": "MeshPart",
      "customProperties": [],
      "properties": {
        "angleVelocity": "x:0 y:0 z:0",
        "autoAnchor": "true",
        "bakeTextureWeight": "1",
        "batchType": "Dynamic",
        "bloom": "false",
        "booleanOperation": "0",
        "btsKey": "89c668c8-a943-4bf2-ad10-73515192b84e",
        "cameraCollideEnable": "true",
        "canAcceptShadow": "true",
        "canGenerateShadow": "true",
        "collisionFidelity": "0",
        "collisionGroup": "1",
        "collisionUniqueKey": "8779663555069542401",
        "customShapeData": "",
        "customThreshold": "1",
        "density": "2.2",
        "discardAlpha": "1",
        "friction": "0.37",
        "id": "8779879592169963521",
        "isLockedInEditor": "false",
        "isVisibleInEditor": "true",
        "lineVelocity": "x:0 y:0 z:0",
        "localAnchorPoint": "x:0 y:0 z:0",
        "lodData": {
          "lodModelItem": []
        },
        "lodGroup": "",
        "mass": "53.117939376831",
        "massCenter": "x:11.750212669373 y:8.5908155441284 z:10.816030502319",
        "materialAlpha": "1.0",
        "materialColor": "r:1.0 g:1.0 b:1.0 a:1.0",
        "materialOffset": "x:1 y:1 z:1.0",
        "materialTexture": "part_suliao.tga",
        "mesh": "asset/Mesh/Brown Hexagon Altar/g2021_duchi_tanzi.mesh",
        "metalness": "0",
        "name": "GateGrass",
        "needSync": "true",
        "originAnchor": "false",
        "partNavMeshType": "1",
        "position": "x:11.750212669373 y:8.5908155441284 z:10.816030502319",
        "restitution": "0.3",
        "rotation": "x:0 y:0 z:0",
        "roughness": "0.9",
        "scale": "x:3.00688 y:3.00688 z:3.00687",
        "selectable": "true",
        "staticBatchNo": "",
        "staticObject": "false",
        "useAnchor": "true",
        "useCollide": "true",
        "useForCollision": "false",
        "useGravity": "true",
        "useLodModel": "false",
        "useTextureAlpha": "false"
      }
    },
    {
      "attributes": [],
      "class": "MeshPart",
      "customProperties": [],
      "properties": {
        "angleVelocity": "x:0 y:0 z:0",
        "autoAnchor": "true",
        "bakeTextureWeight": "1",
        "batchType": "Dynamic",
        "bloom": "false",
        "booleanOperation": "0",
        "btsKey": "89c668c8-a943-4bf2-ad10-73515192b84e",
        "cameraCollideEnable": "true",
        "canAcceptShadow": "true",
        "canGenerateShadow": "true",
        "collisionFidelity": "0",
        "collisionGroup": "1",
        "collisionUniqueKey": "8779663555069542401",
        "customShapeData": "",
        "customThreshold": "1",
        "density": "2.2",
        "discardAlpha": "1",
        "friction": "0.37",
        "id": "8779881144103534593",
        "isLockedInEditor": "false",
        "isVisibleInEditor": "true",
        "lineVelocity": "x:0 y:0 z:0",
        "localAnchorPoint": "x:0 y:0 z:0",
        "lodData": {
          "lodModelItem": []
        },
        "lodGroup": "",
        "mass": "560.50820922852",
        "massCenter": "x:3.54350519180298 y:7.8137993812561 z:23.4414672851562",
        "materialAlpha": "1.0",
        "materialColor": "r:1.0 g:1.0 b:1.0 a:1.0",
        "materialOffset": "x:1 y:1 z:1.0",
        "materialTexture": "part_suliao.tga",
        "mesh": "asset/Mesh/Gray Arched Stone Bridge/g2044_7080_bridge01.mesh",
        "metalness": "0",
        "name": "Bridge3",
        "needSync": "true",
        "originAnchor": "false",
        "partNavMeshType": "1",
        "position": "x:3.54350519180298 y:7.8137993812561 z:23.4414672851562",
        "restitution": "0.3",
        "rotation": "x:-4.06291428589611e-06 y:142.999954223633 z:-21.9999141693115",
        "roughness": "0.9",
        "scale": "x:0.411331 y:0.411328 z:0.411332",
        "selectable": "true",
        "staticBatchNo": "",
        "staticObject": "false",
        "useAnchor": "true",
        "useCollide": "true",
        "useForCollision": "false",
        "useGravity": "true",
        "useLodModel": "false",
        "useTextureAlpha": "false"
      }
    },
    {
      "attributes": [],
      "class": "MeshPart",
      "customProperties": [],
      "properties": {
        "angleVelocity": "x:0 y:0 z:0",
        "autoAnchor": "true",
        "bakeTextureWeight": "1",
        "batchType": "Dynamic",
        "bloom": "false",
        "booleanOperation": "0",
        "btsKey": "11ac368b-fafa-40e4-9349-e883aa5a1a58",
        "cameraCollideEnable": "true",
        "canAcceptShadow": "true",
        "canGenerateShadow": "true",
        "collisionFidelity": "0",
        "collisionGroup": "1",
        "collisionUniqueKey": "8779883771294056449",
        "customShapeData": "",
        "customThreshold": "1",
        "density": "2.2",
        "discardAlpha": "1",
        "friction": "0.37",
        "id": "8779883771294056449",
        "isLockedInEditor": "true",
        "isVisibleInEditor": "true",
        "lineVelocity": "x:0 y:0 z:0",
        "localAnchorPoint": "x:0 y:0 z:0",
        "lodData": {
          "lodModelItem": []
        },
        "lodGroup": "",
        "mass": "18162.026953125",
        "massCenter": "x:19.10705947876 y:7.652307510376 z:29.309745788574",
        "materialAlpha": "1.0",
        "materialColor": "r:1.0 g:1.0 b:1.0 a:1.0",
        "materialOffset": "x:1 y:1 z:1.0",
        "materialTexture": "part_suliao.tga",
        "mesh": "asset/Mesh/Large Magma Volcanic Island/g2030_island_huoshan_3.mesh",
        "metalness": "0",
        "name": "Stone_fire",
        "needSync": "true",
        "originAnchor": "false",
        "partNavMeshType": "nil",
        "position": "x:19.10705947876 y:7.652307510376 z:29.309745788574",
        "restitution": "0.3",
        "rotation": "x:0 y:180 z:0",
        "roughness": "0.9",
        "scale": "x:1.36931 y:1.36931 z:1.36931",
        "selectable": "true",
        "staticBatchNo": "",
        "staticObject": "false",
        "useAnchor": "true",
        "useCollide": "true",
        "useForCollision": "false",
        "useGravity": "true",
        "useLodModel": "false",
        "useTextureAlpha": "false"
      }
    },
    {
      "attributes": [],
      "class": "MeshPart",
      "customProperties": [],
      "properties": {
        "angleVelocity": "x:0 y:0 z:0",
        "autoAnchor": "true",
        "bakeTextureWeight": "1",
        "batchType": "Dynamic",
        "bloom": "false",
        "booleanOperation": "0",
        "btsKey": "89c668c8-a943-4bf2-ad10-73515192b84e",
        "cameraCollideEnable": "true",
        "canAcceptShadow": "true",
        "canGenerateShadow": "true",
        "collisionFidelity": "0",
        "collisionGroup": "1",
        "collisionUniqueKey": "8779663555069542401",
        "customShapeData": "",
        "customThreshold": "1",
        "density": "2.2",
        "discardAlpha": "1",
        "friction": "0.37",
        "id": "8779902866409078785",
        "isLockedInEditor": "false",
        "isVisibleInEditor": "true",
        "lineVelocity": "x:0 y:0 z:0",
        "localAnchorPoint": "x:0 y:0 z:0",
        "lodData": {
          "lodModelItem": []
        },
        "lodGroup": "",
        "mass": "693.15341186523",
        "massCenter": "x:0.980169415473938 y:9.08480644226074 z:21.3369121551514",
        "materialAlpha": "1.0",
        "materialColor": "r:1.0 g:1.0 b:1.0 a:1.0",
        "materialOffset": "x:1 y:1 z:1.0",
        "materialTexture": "part_suliao.tga",
        "mesh": "asset/Mesh/Octagonal Array Stone Island/g2030_men_3.mesh",
        "metalness": "0",
        "name": "GateFire",
        "needSync": "true",
        "originAnchor": "false",
        "partNavMeshType": "1",
        "position": "x:0.980169415473938 y:9.08480644226074 z:21.3369121551514",
        "restitution": "0.3",
        "rotation": "x:0 y:47.999996185303 z:0",
        "roughness": "0.9",
        "scale": "x:2.11218 y:2.11218 z:2.11218",
        "selectable": "true",
        "staticBatchNo": "",
        "staticObject": "false",
        "useAnchor": "true",
        "useCollide": "true",
        "useForCollision": "false",
        "useGravity": "true",
        "useLodModel": "false",
        "useTextureAlpha": "false"
      }
    },
    {
      "attributes": [],
      "class": "MeshPart",
      "customProperties": [],
      "properties": {
        "angleVelocity": "x:0 y:0 z:0",
        "autoAnchor": "true",
        "bakeTextureWeight": "1",
        "batchType": "Dynamic",
        "bloom": "false",
        "booleanOperation": "0",
        "btsKey": "89c668c8-a943-4bf2-ad10-73515192b84e",
        "cameraCollideEnable": "true",
        "canAcceptShadow": "true",
        "canGenerateShadow": "true",
        "collisionFidelity": "0",
        "collisionGroup": "1",
        "collisionUniqueKey": "8779663555069542401",
        "customShapeData": "",
        "customThreshold": "1",
        "density": "2.2",
        "discardAlpha": "1",
        "friction": "0.37",
        "id": "8779963952244555777",
        "isLockedInEditor": "false",
        "isVisibleInEditor": "true",
        "lineVelocity": "x:0 y:0 z:0",
        "localAnchorPoint": "x:0 y:0 z:0",
        "lodData": {
          "lodModelItem": []
        },
        "lodGroup": "",
        "mass": "811.28578491211",
        "massCenter": "x:10.108159065247 y:5.9824657440186 z:-5.9502325057983",
        "materialAlpha": "1.0",
        "materialColor": "r:1.0 g:1.0 b:1.0 a:1.0",
        "materialOffset": "x:1 y:1 z:1.0",
        "materialTexture": "part_suliao.tga",
        "mesh": "asset/Mesh/Gray Arch Bridge/g2021_huoshan_qiao.mesh",
        "metalness": "0",
        "name": "Bridge4",
        "needSync": "true",
        "originAnchor": "false",
        "partNavMeshType": "1",
        "position": "x:10.108159065247 y:5.9824657440186 z:-5.9502325057983",
        "restitution": "0.3",
        "rotation": "x:0 y:90.999992370605 z:-5",
        "roughness": "0.9",
        "scale": "x:0.599527 y:0.599527 z:0.599527",
        "selectable": "true",
        "staticBatchNo": "",
        "staticObject": "false",
        "useAnchor": "true",
        "useCollide": "true",
        "useForCollision": "false",
        "useGravity": "true",
        "useLodModel": "false",
        "useTextureAlpha": "false"
      }
    },
    {
      "attributes": [],
      "class": "MeshPart",
      "customProperties": [],
      "properties": {
        "angleVelocity": "x:0 y:0 z:0",
        "autoAnchor": "true",
        "bakeTextureWeight": "1",
        "batchType": "Dynamic",
        "bloom": "false",
        "booleanOperation": "0",
        "btsKey": "89c668c8-a943-4bf2-ad10-73515192b84e",
        "cameraCollideEnable": "true",
        "canAcceptShadow": "true",
        "canGenerateShadow": "true",
        "collisionFidelity": "0",
        "collisionGroup": "1",
        "collisionUniqueKey": "8779663555069542401",
        "customShapeData": "",
        "customThreshold": "1",
        "density": "2.2",
        "discardAlpha": "1",
        "friction": "0.37",
        "id": "8779974142606606337",
        "isLockedInEditor": "false",
        "isVisibleInEditor": "true",
        "lineVelocity": "x:0 y:0 z:0",
        "localAnchorPoint": "x:0 y:0 z:0",
        "lodData": {
          "lodModelItem": []
        },
        "lodGroup": "",
        "mass": "200.12080993652",
        "massCenter": "x:-24.041667938232 y:5.0692119598389 z:-10.86651802063",
        "materialAlpha": "1.0",
        "materialColor": "r:1.0 g:1.0 b:1.0 a:1.0",
        "materialOffset": "x:1 y:1 z:1.0",
        "materialTexture": "part_suliao.tga",
        "mesh": "asset/Mesh/Gray Arch Bridge/g2021_huoshan_qiao.mesh",
        "metalness": "0",
        "name": "Bridge5",
        "needSync": "true",
        "originAnchor": "false",
        "partNavMeshType": "1",
        "position": "x:-24.041667938232 y:5.0692119598389 z:-10.86651802063",
        "restitution": "0.3",
        "rotation": "x:0 y:92 z:-10",
        "roughness": "0.9",
        "scale": "x:0.349724 y:0.349724 z:0.349724",
        "selectable": "true",
        "staticBatchNo": "",
        "staticObject": "false",
        "useAnchor": "true",
        "useCollide": "true",
        "useForCollision": "false",
        "useGravity": "true",
        "useLodModel": "false",
        "useTextureAlpha": "false"
      }
    },
    {
      "attributes": [],
      "class": "MeshPart",
      "customProperties": [],
      "properties": {
        "angleVelocity": "x:0 y:0 z:0",
        "autoAnchor": "true",
        "bakeTextureWeight": "1",
        "batchType": "Dynamic",
        "bloom": "false",
        "booleanOperation": "0",
        "btsKey": "89c668c8-a943-4bf2-ad10-73515192b84e",
        "cameraCollideEnable": "true",
        "canAcceptShadow": "true",
        "canGenerateShadow": "true",
        "collisionFidelity": "0",
        "collisionGroup": "1",
        "collisionUniqueKey": "8779663555069542401",
        "customShapeData": "",
        "customThreshold": "1",
        "density": "2.2",
        "discardAlpha": "1",
        "friction": "0.37",
        "id": "8779978078898896897",
        "isLockedInEditor": "false",
        "isVisibleInEditor": "true",
        "lineVelocity": "x:0 y:0 z:0",
        "localAnchorPoint": "x:0 y:0 z:0",
        "lodData": {
          "lodModelItem": []
        },
        "lodGroup": "",
        "mass": "225.89767913818",
        "massCenter": "x:-22.854013442993 y:6.7555131912231 z:4.5626039505005",
        "materialAlpha": "1.0",
        "materialColor": "r:1.0 g:1.0 b:1.0 a:1.0",
        "materialOffset": "x:1 y:1 z:1.0",
        "materialTexture": "part_suliao.tga",
        "mesh": "asset/Mesh/Gray Arched Stone Bridge/g2044_7080_bridge01.mesh",
        "metalness": "0",
        "name": "Bridge6",
        "needSync": "true",
        "originAnchor": "false",
        "partNavMeshType": "1",
        "position": "x:-22.854013442993 y:6.7555131912231 z:4.5626039505005",
        "restitution": "0.3",
        "rotation": "x:-3.9796884059906 y:89.378471374512 z:11",
        "roughness": "0.9",
        "scale": "x:0.365933 y:0.365932 z:0.365933",
        "selectable": "true",
        "staticBatchNo": "",
        "staticObject": "false",
        "useAnchor": "true",
        "useCollide": "true",
        "useForCollision": "false",
        "useGravity": "true",
        "useLodModel": "false",
        "useTextureAlpha": "false"
      }
    },
    {
      "attributes": [],
      "class": "MeshPart",
      "customProperties": [],
      "properties": {
        "angleVelocity": "x:0 y:0 z:0",
        "autoAnchor": "true",
        "bakeTextureWeight": "1",
        "batchType": "Dynamic",
        "bloom": "false",
        "booleanOperation": "0",
        "btsKey": "bb58523f-70c6-4948-bad1-0a68b3fa51f3",
        "cameraCollideEnable": "true",
        "canAcceptShadow": "true",
        "canGenerateShadow": "true",
        "collisionFidelity": "0",
        "collisionGroup": "1",
        "collisionUniqueKey": "8779995855757131777",
        "customShapeData": "",
        "customThreshold": "1",
        "density": "2.2",
        "discardAlpha": "1",
        "friction": "0.37",
        "id": "8779995855757131777",
        "isLockedInEditor": "false",
        "isVisibleInEditor": "true",
        "lineVelocity": "x:0 y:0 z:0",
        "localAnchorPoint": "x:0 y:0 z:0",
        "lodData": {
          "lodModelItem": []
        },
        "lodGroup": "",
        "mass": "14589.759765625",
        "massCenter": "x:-27.090932846069 y:3.2515892982483 z:25.996608734131",
        "materialAlpha": "1.0",
        "materialColor": "r:1.0 g:1.0 b:1.0 a:1.0",
        "materialOffset": "x:1 y:1 z:1.0",
        "materialTexture": "part_suliao.tga",
        "mesh": "asset/stone/g2030_island_rongyan_1.mesh",
        "metalness": "0",
        "name": "Stone_Lava2",
        "needSync": "true",
        "originAnchor": "false",
        "partNavMeshType": "1",
        "position": "x:-27.090932846069 y:3.2515892982483 z:25.996608734131",
        "restitution": "0.3",
        "rotation": "x:0 y:270 z:0",
        "roughness": "0.9",
        "scale": "x:5.72909 y:5.72909 z:5.72909",
        "selectable": "true",
        "staticBatchNo": "",
        "staticObject": "false",
        "useAnchor": "true",
        "useCollide": "true",
        "useForCollision": "false",
        "useGravity": "true",
        "useLodModel": "false",
        "useTextureAlpha": "false"
      }
    },
    {
      "attributes": [],
      "class": "MeshPart",
      "customProperties": [],
      "properties": {
        "angleVelocity": "x:0 y:0 z:0",
        "autoAnchor": "true",
        "bakeTextureWeight": "1",
        "batchType": "Dynamic",
        "bloom": "false",
        "booleanOperation": "0",
        "btsKey": "94c2b46a-761d-4321-86e9-1a3e60881ac4",
        "cameraCollideEnable": "true",
        "canAcceptShadow": "true",
        "canGenerateShadow": "true",
        "collisionFidelity": "0",
        "collisionGroup": "1",
        "collisionUniqueKey": "8780005473983676417",
        "customShapeData": "",
        "customThreshold": "1",
        "density": "2.2",
        "discardAlpha": "1",
        "friction": "0.37",
        "id": "8780005473983676417",
        "isLockedInEditor": "false",
        "isVisibleInEditor": "true",
        "lineVelocity": "x:0 y:0 z:0",
        "localAnchorPoint": "x:0 y:0 z:0",
        "lodData": {
          "lodModelItem": []
        },
        "lodGroup": "",
        "mass": "2685.9209716797",
        "massCenter": "x:-30.02014541626 y:14.322260856628 z:30.144014358521",
        "materialAlpha": "1.0",
        "materialColor": "r:1.0 g:1.0 b:1.0 a:1.0",
        "materialOffset": "x:1 y:1 z:1.0",
        "materialTexture": "part_suliao.tga",
        "mesh": "asset/Pagoda/feixingqi_talou.mesh",
        "metalness": "0",
        "name": "Pagoda",
        "needSync": "true",
        "originAnchor": "false",
        "partNavMeshType": "1",
        "position": "x:-30.02014541626 y:14.322260856628 z:30.144014358521",
        "restitution": "0.3",
        "rotation": "x:0 y:-179.99998474121 z:0",
        "roughness": "0.9",
        "scale": "x:1.31633 y:1.31633 z:1.31633",
        "selectable": "true",
        "staticBatchNo": "",
        "staticObject": "false",
        "useAnchor": "true",
        "useCollide": "true",
        "useForCollision": "false",
        "useGravity": "true",
        "useLodModel": "false",
        "useTextureAlpha": "false"
      }
    },
    {
      "attributes": [],
      "children": [
        {
          "attributes": [],
          "class": "EffectPart",
          "customProperties": [],
          "properties": {
            "bakeTextureWeight": "1",
            "batchType": "Dynamic",
            "canAcceptShadow": "true",
            "canGenerateShadow": "true",
            "effectFilePath": "asset/effect/Blue Flat Water Effect/lr204_surface_blue_01_3d.effect",
            "id": "8780012411562819585",
            "isVisibleInEditor": "true",
            "loopCount": "-1",
            "loopInterval": "0.0",
            "loopReset": "false",
            "maxViewDistance": "-1",
            "name": "EffectPart",
            "needSync": "true",
            "position": "x:0 y:1.6 z:0",
            "rotation": "x:0 y:0.99999994039536 z:0",
            "scale": "x:37 y:1 z:37",
            "selectable": "true",
            "useAnchor": "false",
            "useForCollision": "false",
            "visible": "true"
          }
        }
      ],
      "class": "Part",
      "customProperties": [],
      "properties": {
        "angleVelocity": "x:0 y:0 z:0",
        "bakeTextureWeight": "1",
        "batchType": "Dynamic",
        "bloom": "false",
        "booleanOperation": "0",
        "btsKey": "ab9face8-f55a-4c56-a271-58c237b08f3b",
        "cameraCollideEnable": "true",
        "canAcceptShadow": "true",
        "canGenerateShadow": "true",
        "collisionFidelity": "0",
        "collisionGroup": "1",
        "collisionUniqueKey": "",
        "customThreshold": "1",
        "density": "0.9",
        "discardAlpha": "0.0",
        "friction": "0.022",
        "id": "8780010454117564417",
        "isLockedInEditor": "false",
        "isVisibleInEditor": "true",
        "lineVelocity": "x:0 y:0 z:0",
        "mass": "5062.5",
        "massCenter": "x:0 y:1 z:0",
        "materialAlpha": "1.0",
        "materialColor": "r:1.0 g:1.0 b:1.0 a:1.0",
        "materialOffset": "x:1 y:1 z:1.0",
        "materialTexture": "part_bingkuai.tga",
        "name": "Water",
        "needSync": "true",
        "partNavMeshType": "1",
        "position": "x:0 y:1 z:0",
        "restitution": "0.2",
        "rotation": "x:0 y:1 z:0",
        "scale": "x:75 y:1 z:75",
        "selectable": "true",
        "shape": "1",
        "staticBatchNo": "",
        "staticObject": "false",
        "useAnchor": "true",
        "useCollide": "true",
        "useForCollision": "false",
        "useGravity": "true",
        "useTextureAlpha": "false"
      }
    },
    {
      "attributes": [],
      "class": "Entity",
      "config": "myplugin/xue",
      "customProperties": [],
      "properties": {
        "bakeTextureWeight": "1",
        "batchType": "Dynamic",
        "canAcceptShadow": "true",
        "canGenerateShadow": "true",
        "collisionGroup": "1",
        "id": "8780730843223408641",
        "isVisibleInEditor": "true",
        "name": "Snow",
        "needSync": "true",
        "position": "x:31.504716873169 y:12.752878189087 z:-16.376010894775",
        "rotation": "x:0 y:0 z:0",
        "scale": "x:1 y:1 z:1",
        "selectable": "true",
        "useAnchor": "false",
        "useForCollision": "false"
      }
    },
    {
      "attributes": [],
      "class": "Entity",
      "config": "myplugin/xue",
      "customProperties": [],
      "properties": {
        "bakeTextureWeight": "1",
        "batchType": "Dynamic",
        "canAcceptShadow": "true",
        "canGenerateShadow": "true",
        "collisionGroup": "1",
        "id": "8780731313085710337",
        "isVisibleInEditor": "true",
        "name": "Snow",
        "needSync": "true",
        "position": "x:32.634708404541 y:13.690880775452 z:11.981990814209",
        "rotation": "x:0 y:0 z:0",
        "scale": "x:1 y:1 z:1",
        "selectable": "true",
        "useAnchor": "false",
        "useForCollision": "false"
      }
    },
    {
      "attributes": [],
      "children": [
        {
          "attributes": [],
          "class": "SceneUI",
          "customProperties": [],
          "properties": {
            "id": "8785480625055842305",
            "isFaceCamera": "true",
            "isLock": "true",
            "isTop": "true",
            "isVisibleInEditor": "true",
            "layoutFile": "Actor/Soldier In White Goggles/UICrushObject.layout",
            "name": "SceneUI",
            "position": "x:0 y:2 z:0",
            "rangeDistance": "128",
            "rotation": "x:0 y:0 z:0",
            "size": "x:1 y:1",
            "stretch": "false",
            "uiID": "8785480625055842305",
            "uiScaleMode": "0",
            "useForCollision": "false"
          }
        }
      ],
      "class": "Entity",
      "config": "myplugin/9efabf7f-63f2-43e2-afa8-a3c9c051257a",
      "customProperties": [],
      "properties": {
        "bakeTextureWeight": "1",
        "batchType": "Dynamic",
        "canAcceptShadow": "true",
        "canGenerateShadow": "true",
        "collisionGroup": "1",
        "id": "8785480010479910913",
        "isVisibleInEditor": "true",
        "name": "entity_9efabf7f-63f2-43e2-afa8-a3c9c051257a",
        "needSync": "true",
        "position": "x:34.423999786377 y:8.944881439209 z:-22.526000976562",
        "rotation": "x:0 y:0 z:0",
        "scale": "x:0.5 y:0.5 z:0.5",
        "selectable": "true",
        "useAnchor": "false",
        "useForCollision": "false"
      }
    },
    {
      "attributes": [],
      "class": "MeshPart",
      "customProperties": [],
      "properties": {
        "angleVelocity": "x:0 y:0 z:0",
        "autoAnchor": "true",
        "bakeTextureWeight": "1",
        "batchType": "Dynamic",
        "bloom": "false",
        "booleanOperation": "0",
        "btsKey": "89c668c8-a943-4bf2-ad10-73515192b84e",
        "cameraCollideEnable": "true",
        "canAcceptShadow": "true",
        "canGenerateShadow": "true",
        "collisionFidelity": "0",
        "collisionGroup": "1",
        "collisionUniqueKey": "8779663555069542401",
        "customShapeData": "",
        "customThreshold": "1",
        "density": "2.2",
        "discardAlpha": "1",
        "friction": "0.37",
        "id": "8785579687160168449",
        "isLockedInEditor": "false",
        "isVisibleInEditor": "true",
        "lineVelocity": "x:0 y:0 z:0",
        "localAnchorPoint": "x:0 y:0 z:0",
        "lodData": {
          "lodModelItem": []
        },
        "lodGroup": "",
        "mass": "140.07115936279",
        "massCenter": "x:10.241212844849 y:11.456816673279 z:0.52403122186661",
        "materialAlpha": "1.0",
        "materialColor": "r:1.0 g:1.0 b:1.0 a:1.0",
        "materialOffset": "x:1 y:1 z:1.0",
        "materialTexture": "part_suliao.tga",
        "mesh": "asset/Mesh/White And Gold Arch/g2038_race_gate.mesh",
        "metalness": "0",
        "name": "GateGrass",
        "needSync": "true",
        "originAnchor": "false",
        "partNavMeshType": "1",
        "position": "x:10.241212844849 y:11.456816673279 z:0.52403122186661",
        "restitution": "0.3",
        "rotation": "x:0 y:0 z:0",
        "roughness": "0.9",
        "scale": "x:0.659221 y:0.659221 z:0.659221",
        "selectable": "true",
        "staticBatchNo": "",
        "staticObject": "false",
        "useAnchor": "true",
        "useCollide": "true",
        "useForCollision": "false",
        "useGravity": "true",
        "useLodModel": "false",
        "useTextureAlpha": "false"
      }
    },
    {
      "attributes": [],
      "class": "RegionPart",
      "customProperties": [],
      "properties": {
        "bakeTextureWeight": "1",
        "batchType": "Dynamic",
        "canAcceptShadow": "true",
        "canGenerateShadow": "true",
        "cfgName": "myplugin/002d1ae9-00a3-4899-9848-96551459f1b3",
        "id": "8785623616066879489",
        "isVisibleInEditor": "true",
        "name": "Region",
        "needSync": "true",
        "position": "x:-24.709842681885 y:6.7047243118286 z:-19.566818237305",
        "rotation": "x:0 y:0 z:0",
        "scale": "x:8.22096 y:0.999997 z:6.19898",
        "selectable": "true",
        "useAnchor": "false",
        "useForCollision": "false"
      }
    },
    {
      "attributes": [],
      "children": [
        {
          "attributes": [],
          "class": "SceneUI",
          "customProperties": [],
          "properties": {
            "id": "8786635505571119105",
            "isFaceCamera": "true",
            "isLock": "true",
            "isTop": "true",
            "isVisibleInEditor": "true",
            "layoutFile": "Actor/Soldier In White Goggles/UIDangerZone.layout",
            "name": "SceneUI",
            "position": "x:0 y:6 z:0",
            "rangeDistance": "128",
            "rotation": "x:0 y:0 z:0",
            "size": "x:1 y:1",
            "stretch": "false",
            "uiID": "8786635505571119105",
            "uiScaleMode": "0",
            "useForCollision": "false"
          }
        }
      ],
      "class": "Entity",
      "config": "myplugin/BotMage",
      "customProperties": [],
      "properties": {
        "bakeTextureWeight": "1",
        "batchType": "Dynamic",
        "canAcceptShadow": "true",
        "canGenerateShadow": "true",
        "collisionGroup": "1",
        "id": "8786599556760584193",
        "isVisibleInEditor": "true",
        "name": "Elemental_Monster",
        "needSync": "true",
        "position": "x:11.0822277069092 y:8.65475082397461 z:7.73997640609741",
        "rotation": "x:0 y:0 z:0",
        "scale": "x:2 y:2 z:2",
        "selectable": "true",
        "useAnchor": "false",
        "useForCollision": "false"
      }
    },
    {
      "attributes": [],
      "children": [
        {
          "attributes": [],
          "class": "SceneUI",
          "customProperties": [],
          "properties": {
            "id": "8786636003703242753",
            "isFaceCamera": "true",
            "isLock": "true",
            "isTop": "true",
            "isVisibleInEditor": "true",
            "layoutFile": "Actor/Soldier In White Goggles/UIDangerZone.layout",
            "name": "SceneUI",
            "position": "x:0 y:3.5 z:0",
            "rangeDistance": "128",
            "rotation": "x:0 y:0 z:0",
            "size": "x:1 y:1",
            "stretch": "false",
            "uiID": "8786636003703242753",
            "uiScaleMode": "0",
            "useForCollision": "false"
          }
        }
      ],
      "class": "Entity",
      "config": "myplugin/BotWarriorA",
      "customProperties": [],
      "properties": {
        "bakeTextureWeight": "1",
        "batchType": "Dynamic",
        "canAcceptShadow": "true",
        "canGenerateShadow": "true",
        "collisionGroup": "1",
        "id": "8786600144657580033",
        "isVisibleInEditor": "true",
        "name": "Fire_Monster",
        "needSync": "true",
        "position": "x:16.1559753417969 y:10.1096277236938 z:27.4573612213135",
        "rotation": "x:0 y:0 z:0",
        "scale": "x:1 y:1 z:1",
        "selectable": "true",
        "useAnchor": "false",
        "useForCollision": "false"
      }
    },
    {
      "attributes": [],
      "class": "RegionPart",
      "customProperties": [],
      "properties": {
        "bakeTextureWeight": "1",
        "batchType": "Dynamic",
        "canAcceptShadow": "true",
        "canGenerateShadow": "true",
        "cfgName": "myplugin/86c90ffd-4c27-428a-9a01-401a410505b3",
        "id": "8787543615556190209",
        "isVisibleInEditor": "true",
        "name": "Region",
        "needSync": "true",
        "position": "x:-1.4365036487579 y:-3.2802715301514 z:-1.7039542198181",
        "rotation": "x:0 y:0 z:0",
        "scale": "x:121.852 y:6.06082 z:122.378",
        "selectable": "true",
        "useAnchor": "false",
        "useForCollision": "false"
      }
    },
    {
      "attributes": [],
      "class": "RegionPart",
      "customProperties": [],
      "properties": {
        "bakeTextureWeight": "1",
        "batchType": "Dynamic",
        "canAcceptShadow": "true",
        "canGenerateShadow": "true",
        "cfgName": "myplugin/3e503d96-c711-4d8e-b79e-2868064156c4",
        "id": "8788401140617986049",
        "isVisibleInEditor": "true",
        "name": "Region",
        "needSync": "true",
        "position": "x:-1.49393463134766 y:1.16771709918976 z:17.6900806427002",
        "rotation": "x:0 y:0 z:0",
        "scale": "x:105.987 y:59.57 z:149.004",
        "selectable": "true",
        "useAnchor": "false",
        "useForCollision": "false"
      }
    },
    {
      "attributes": [],
      "class": "RegionPart",
      "customProperties": [],
      "properties": {
        "bakeTextureWeight": "1",
        "batchType": "Dynamic",
        "canAcceptShadow": "true",
        "canGenerateShadow": "true",
        "cfgName": "myplugin/ae0f2abb-359e-48d0-b6bf-cbd201793e0f",
        "id": "8788447568026124289",
        "isVisibleInEditor": "true",
        "name": "Region",
        "needSync": "true",
        "position": "x:-29.881244659424 y:20.88045501709 z:29.90816116333",
        "rotation": "x:0 y:0 z:0",
        "scale": "x:9.57192 y:3.79999 z:10.8709",
        "selectable": "true",
        "useAnchor": "false",
        "useForCollision": "false"
      }
    },
    {
      "attributes": [],
      "children": [
        {
          "attributes": [],
          "class": "SceneUI",
          "customProperties": [],
          "properties": {
            "id": "8788531248925310977",
            "isFaceCamera": "true",
            "isLock": "true",
            "isTop": "true",
            "isVisibleInEditor": "true",
            "layoutFile": "Actor/Soldier In White Goggles/UICrushObject.layout",
            "name": "SceneUI",
            "position": "x:-1 y:3 z:0",
            "rangeDistance": "128",
            "rotation": "x:0 y:0 z:0",
            "size": "x:1 y:1",
            "stretch": "false",
            "uiID": "8788531248925310977",
            "uiScaleMode": "0",
            "useForCollision": "false"
          }
        }
      ],
      "class": "Entity",
      "config": "myplugin/PohonVolcanoBesar",
      "customProperties": [],
      "properties": {
        "bakeTextureWeight": "1",
        "batchType": "Dynamic",
        "canAcceptShadow": "true",
        "canGenerateShadow": "true",
        "collisionGroup": "1",
        "id": "8788529783520870401",
        "isVisibleInEditor": "true",
        "name": "entity_PohonVolcanoBesar",
        "needSync": "true",
        "position": "x:-2.8362078666687 y:5.9972777366638 z:11.846733093262",
        "rotation": "x:0 y:0 z:0",
        "scale": "x:2 y:2 z:2",
        "selectable": "true",
        "useAnchor": "false",
        "useForCollision": "false"
      }
    },
    {
      "attributes": [],
      "children": [
        {
          "attributes": [],
          "class": "SceneUI",
          "customProperties": [],
          "properties": {
            "id": "8803198094836547585",
            "isFaceCamera": "true",
            "isLock": "true",
            "isTop": "true",
            "isVisibleInEditor": "true",
            "layoutFile": "Actor/Soldier In White Goggles/UICrushObject.layout",
            "name": "SceneUI",
            "position": "x:0 y:3 z:0",
            "rangeDistance": "128",
            "rotation": "x:0 y:0 z:0",
            "size": "x:1 y:1",
            "stretch": "false",
            "uiID": "8803198094836547585",
            "uiScaleMode": "0",
            "useForCollision": "false"
          }
        }
      ],
      "class": "Entity",
      "config": "myplugin/PohonSnow1",
      "customProperties": [],
      "properties": {
        "bakeTextureWeight": "1",
        "batchType": "Static",
        "canAcceptShadow": "true",
        "canGenerateShadow": "true",
        "collisionGroup": "1",
        "id": "8803188287831932929",
        "isVisibleInEditor": "true",
        "name": "entity_PohonSnow1",
        "needSync": "true",
        "position": "x:28.8419132232666 y:8.21640205383301 z:-30.3782043457031",
        "rotation": "x:0 y:0 z:0",
        "scale": "x:0.8 y:0.8 z:0.8",
        "selectable": "true",
        "useAnchor": "false",
        "useForCollision": "false"
      }
    },
    {
      "attributes": [],
      "children": [
        {
          "attributes": [],
          "class": "SceneUI",
          "customProperties": [],
          "properties": {
            "id": "8803197739765432321",
            "isFaceCamera": "true",
            "isLock": "true",
            "isTop": "true",
            "isVisibleInEditor": "true",
            "layoutFile": "Actor/Soldier In White Goggles/UICrushObject.layout",
            "name": "SceneUI",
            "position": "x:0 y:3 z:0",
            "rangeDistance": "128",
            "rotation": "x:0 y:0 z:0",
            "size": "x:1 y:1",
            "stretch": "false",
            "uiID": "8803197739765432321",
            "uiScaleMode": "0",
            "useForCollision": "false"
          }
        }
      ],
      "class": "Entity",
      "config": "myplugin/PohonKuningBesar",
      "customProperties": [],
      "properties": {
        "bakeTextureWeight": "1",
        "batchType": "Static",
        "canAcceptShadow": "true",
        "canGenerateShadow": "true",
        "collisionGroup": "1",
        "id": "8803188989185654785",
        "isVisibleInEditor": "true",
        "name": "entity_PohonKuningBesar",
        "needSync": "true",
        "position": "x:14.3221635818481 y:7.86673498153687 z:-26.18092918396",
        "rotation": "x:0 y:0 z:0",
        "scale": "x:1 y:1 z:1",
        "selectable": "true",
        "useAnchor": "false",
        "useForCollision": "false"
      }
    },
    {
      "attributes": [],
      "children": [
        {
          "attributes": [],
          "class": "SceneUI",
          "customProperties": [],
          "properties": {
            "id": "8803195949481934849",
            "isFaceCamera": "true",
            "isLock": "true",
            "isTop": "true",
            "isVisibleInEditor": "true",
            "layoutFile": "Actor/Soldier In White Goggles/UICrushObject.layout",
            "name": "SceneUI",
            "position": "x:0 y:3 z:0",
            "rangeDistance": "128",
            "rotation": "x:0 y:0 z:0",
            "size": "x:1 y:1",
            "stretch": "false",
            "uiID": "8803195949481934849",
            "uiScaleMode": "0",
            "useForCollision": "false"
          }
        }
      ],
      "class": "Entity",
      "config": "myplugin/PohonVolcano2",
      "customProperties": [],
      "properties": {
        "bakeTextureWeight": "1",
        "batchType": "Static",
        "canAcceptShadow": "true",
        "canGenerateShadow": "true",
        "collisionGroup": "1",
        "id": "8803189587026034689",
        "isVisibleInEditor": "true",
        "name": "entity_PohonVolcano2",
        "needSync": "true",
        "position": "x:-28.2367649078369 y:8.35107135772705 z:13.3838777542114",
        "rotation": "x:0 y:0 z:0",
        "scale": "x:1 y:1 z:1",
        "selectable": "true",
        "useAnchor": "false",
        "useForCollision": "false"
      }
    },
    {
      "attributes": [],
      "children": [
        {
          "attributes": [],
          "class": "SceneUI",
          "customProperties": [],
          "properties": {
            "id": "8803197337262997505",
            "isFaceCamera": "true",
            "isLock": "true",
            "isTop": "true",
            "isVisibleInEditor": "true",
            "layoutFile": "Actor/Soldier In White Goggles/UICrushObject.layout",
            "name": "SceneUI",
            "position": "x:0 y:3.52 z:0",
            "rangeDistance": "128",
            "rotation": "x:0 y:0 z:0",
            "size": "x:1 y:1",
            "stretch": "false",
            "uiID": "8803197337262997505",
            "uiScaleMode": "0",
            "useForCollision": "false"
          }
        }
      ],
      "class": "Entity",
      "config": "myplugin/PohonBambuBesar1",
      "customProperties": [],
      "properties": {
        "bakeTextureWeight": "1",
        "batchType": "Static",
        "canAcceptShadow": "true",
        "canGenerateShadow": "true",
        "collisionGroup": "1",
        "id": "8803190330153189377",
        "isVisibleInEditor": "true",
        "name": "entity_PohonBambuBesar1",
        "needSync": "true",
        "position": "x:-2.67157983779907 y:10.7076387405396 z:-13.487190246582",
        "rotation": "x:0 y:0 z:0",
        "scale": "x:1 y:1 z:1",
        "selectable": "true",
        "useAnchor": "false",
        "useForCollision": "false"
      }
    },
    {
      "attributes": [],
      "children": [
        {
          "attributes": [],
          "class": "SceneUI",
          "customProperties": [],
          "properties": {
            "id": "8815122668239011841",
            "isFaceCamera": "true",
            "isLock": "true",
            "isTop": "true",
            "isVisibleInEditor": "true",
            "layoutFile": "Actor/Soldier In White Goggles/UIDangerZone.layout",
            "name": "SceneUI",
            "position": "x:0 y:3.2 z:0",
            "rangeDistance": "128",
            "rotation": "x:0 y:0 z:0",
            "size": "x:1 y:1",
            "stretch": "false",
            "uiID": "8815122668239011841",
            "uiScaleMode": "0",
            "useForCollision": "false"
          }
        }
      ],
      "class": "Entity",
      "config": "myplugin/BotRangerM",
      "customProperties": [],
      "properties": {
        "bakeTextureWeight": "1",
        "batchType": "Static",
        "canAcceptShadow": "true",
        "canGenerateShadow": "true",
        "collisionGroup": "1",
        "id": "8815121751307649025",
        "isVisibleInEditor": "true",
        "name": "Ice_Monster",
        "needSync": "true",
        "position": "x:28.422025680542 y:10.0180587768555 z:13.9629697799683",
        "rotation": "x:0 y:0 z:0",
        "scale": "x:1 y:1 z:1",
        "selectable": "true",
        "useAnchor": "false",
        "useForCollision": "false"
      }
    }
  ],
  "skyBox": [
    {
      "texture": [
        "@asset/Texture/SkyBox/Night/Sky03_right.png",
        "@asset/Texture/SkyBox/Night/Sky03_left.png",
        "@asset/Texture/SkyBox/Night/Sky03_top.png",
        "@asset/Texture/SkyBox/Night/Sky03_bottom.png",
        "@asset/Texture/SkyBox/Night/Sky03_back.png",
        "@asset/Texture/SkyBox/Night/Sky03_front.png"
      ]
    }
  ],
  "skyBoxMode": "static_display",
  "skyBoxRotate": {
    "x": 0,
    "y": 0,
    "z": 0
  },
  "skyBoxTexPixFmt": "RGBA8",
  "skyBoxTexSize": 512,
  "touchPosY": {
    "touchdownPosY": -30,
    "touchupPosY": 720
  },
  "useLod": false
}