{
  "bake_texture_size": 64,
  "blinn": 0,
  "canBreak": true,
  "hdr": 0,
  "hideCloud": true,
  "is_bake_light_effect_visible": false,
  "moveDownGravity": 0.15,
  "scene": [
    {
      "attributes": [],
      "class": "VoxelTerrain",
      "customProperties": [],
      "properties": {
        "collisionGroup": "1",
        "id": "8778066951234912257",
        "isVisibleInEditor": "true",
        "name": "VoxelTerrain",
        "uniqueKey": "",
        "useForCollision": "false"
      }
    },
    {
      "class": "Light",
      "customProperties": [],
      "properties": {
        "bakeTextureWeight": "1",
        "batchType": "Dynamic",
        "canAcceptShadow": "true",
        "canGenerateShadow": "true",
        "id": "8778066951389839361",
        "ID": "8",
        "isVisibleInEditor": "true",
        "lightActived": "true",
        "lightAngle": "30.0",
        "lightBrightness": "1.0",
        "lightColor": "r:1.0 g:1.0 b:1.0 a:1.0",
        "lightLength": "1.0",
        "lightRange": "8.0",
        "lightType": "GlobalLight",
        "lightWidth": "1.0",
        "name": "EnvironmentLight",
        "needSync": "false",
        "position": "x:0 y:0 z:0",
        "rotation": "x:0 y:0 z:0",
        "scale": "x:1 y:1 z:1",
        "selectable": "true",
        "shadowsDistance": "20.0",
        "shadowsIntensity": "1.0",
        "shadowsOffset": "0.02",
        "shadowsPresicion": "1024",
        "shadowsType": "null",
        "skyColor": "r:0.498039215686275 g:0.513725490196078 b:0.545098039215686 a:1.0",
        "skyLineColor": "r:0.23921568627451 g:0.227450980392157 b:0.207843137254902 a:1.0",
        "useAnchor": "false",
        "useForCollision": "false"
      }
    },
    {
      "class": "Light",
      "customProperties": [],
      "properties": {
        "bakeTextureWeight": "1",
        "batchType": "Dynamic",
        "canAcceptShadow": "true",
        "canGenerateShadow": "true",
        "id": "8778066956782092289",
        "ID": "9",
        "isVisibleInEditor": "true",
        "lightActived": "true",
        "lightAngle": "30.0",
        "lightBrightness": "1.0",
        "lightColor": "r:1.0 g:1.0 b:1.0 a:1.0",
        "lightLength": "1.0",
        "lightRange": "8.0",
        "lightType": "DirectionalLight",
        "lightWidth": "1.0",
        "name": "DirectionalLight",
        "needSync": "false",
        "position": "x:0 y:5 z:0",
        "rotation": "x:0 y:-90 z:0",
        "scale": "x:1 y:1 z:1",
        "selectable": "true",
        "shadowsDistance": "20.0",
        "shadowsIntensity": "1.0",
        "shadowsOffset": "0.02",
        "shadowsPresicion": "1024",
        "shadowsType": "null",
        "skyColor": "r:0.498039215686275 g:0.513725490196078 b:0.545098039215686 a:1.0",
        "skyLineColor": "r:0.23921568627451 g:0.227450980392157 b:0.207843137254902 a:1.0",
        "useAnchor": "false",
        "useForCollision": "false"
      }
    },
    {
      "attributes": [],
      "class": "Entity",
      "config": "myplugin/MapDesert",
      "customProperties": [],
      "properties": {
        "bakeTextureWeight": "1",
        "batchType": "Dynamic",
        "canAcceptShadow": "true",
        "canGenerateShadow": "true",
        "collisionGroup": "1",
        "id": "8778141053110468609",
        "isVisibleInEditor": "true",
        "name": "MapDesert",
        "needSync": "true",
        "position": "x:23.171518325806 y:1.8960011005402 z:-22.187467575073",
        "rotation": "x:0 y:-19.999771118164 z:0",
        "scale": "x:0.5 y:0.5 z:0.5",
        "selectable": "true",
        "useAnchor": "false",
        "useForCollision": "false"
      }
    },
    {
      "attributes": [],
      "class": "Entity",
      "config": "myplugin/DesertBuilding",
      "customProperties": [],
      "properties": {
        "bakeTextureWeight": "1",
        "batchType": "Dynamic",
        "canAcceptShadow": "true",
        "canGenerateShadow": "true",
        "collisionGroup": "1",
        "id": "8778147875594354689",
        "isVisibleInEditor": "true",
        "name": "entity_DesertBuilding",
        "needSync": "true",
        "position": "x:29.650859832764 y:1.8278992176056 z:-26.564107894897",
        "rotation": "x:0 y:46.999927520752 z:0",
        "scale": "x:1 y:1 z:1",
        "selectable": "true",
        "useAnchor": "false",
        "useForCollision": "false"
      }
    },
    {
      "attributes": [],
      "class": "Entity",
      "config": "myplugin/DesertTree",
      "customProperties": [],
      "properties": {
        "bakeTextureWeight": "1",
        "batchType": "Dynamic",
        "canAcceptShadow": "true",
        "canGenerateShadow": "true",
        "collisionGroup": "1",
        "id": "8778154254889664513",
        "isVisibleInEditor": "true",
        "name": "entity_DesertTree",
        "needSync": "true",
        "position": "x:15.435571670532 y:0.99989914894104 z:-18.276351928711",
        "rotation": "x:0 y:0 z:0",
        "scale": "x:1 y:1 z:1",
        "selectable": "true",
        "useAnchor": "false",
        "useForCollision": "false"
      }
    },
    {
      "attributes": [],
      "class": "MeshPart",
      "customProperties": [],
      "properties": {
        "angleVelocity": "x:0 y:0 z:0",
        "autoAnchor": "true",
        "bakeTextureWeight": "1",
        "batchType": "Dynamic",
        "bloom": "false",
        "booleanOperation": "0",
        "btsKey": "ad5f9e3c-04d4-4b65-8521-d31cd63b873e",
        "cameraCollideEnable": "true",
        "canAcceptShadow": "true",
        "canGenerateShadow": "true",
        "collisionFidelity": "0",
        "collisionGroup": "1",
        "collisionUniqueKey": "8778165740560482305",
        "customShapeData": "",
        "customThreshold": "1",
        "density": "2.2",
        "discardAlpha": "1",
        "friction": "0.37",
        "id": "8778165740560482305",
        "isLockedInEditor": "true",
        "isVisibleInEditor": "false",
        "lineVelocity": "x:0 y:0 z:0",
        "localAnchorPoint": "x:0 y:0 z:0",
        "lodData": {
          "lodModelItem": []
        },
        "lodGroup": "",
        "mass": "0.015342204831541",
        "massCenter": "x:0 y:2 z:0",
        "materialAlpha": "1.0",
        "materialColor": "r:1.0 g:1.0 b:1.0 a:1.0",
        "materialOffset": "x:1 y:1 z:1.0",
        "materialTexture": "part_suliao.tga",
        "mesh": "asset/Mesh/Brown Square Area/g2047_3_27_dimian.mesh",
        "metalness": "0",
        "name": "Stone_fire",
        "needSync": "true",
        "originAnchor": "false",
        "partNavMeshType": "nil",
        "position": "x:0 y:2 z:0",
        "restitution": "0.3",
        "rotation": "x:0 y:0 z:0",
        "roughness": "0.9",
        "scale": "x:1.11113 y:1.11113 z:1.11113",
        "selectable": "true",
        "staticBatchNo": "1",
        "staticObject": "false",
        "useAnchor": "true",
        "useCollide": "true",
        "useForCollision": "false",
        "useGravity": "true",
        "useLodModel": "false",
        "useTextureAlpha": "false"
      }
    },
    {
      "attributes": [],
      "class": "Part",
      "customProperties": [],
      "properties": {
        "angleVelocity": "x:0 y:0 z:0",
        "bakeTextureWeight": "1",
        "batchType": "Dynamic",
        "bloom": "false",
        "booleanOperation": "0",
        "btsKey": "429ed0c3-1c54-4cd4-8233-4208854a05af",
        "cameraCollideEnable": "true",
        "canAcceptShadow": "true",
        "canGenerateShadow": "true",
        "collisionFidelity": "0",
        "collisionGroup": "1",
        "collisionUniqueKey": "",
        "customThreshold": "1",
        "density": "2.2",
        "discardAlpha": "0.0",
        "friction": "0.37",
        "id": "8778166023893024769",
        "isLockedInEditor": "false",
        "isVisibleInEditor": "true",
        "lineVelocity": "x:0 y:0 z:0",
        "mass": "2.1999994754791",
        "massCenter": "x:-19.529993057251 y:1.4999008178711 z:-7.2420434951782",
        "materialAlpha": "1.0",
        "materialColor": "r:1.0 g:1.0 b:0.0 a:1.0",
        "materialOffset": "x:1 y:1 z:1.0",
        "materialTexture": "part_suliao.tga",
        "name": "Part",
        "needSync": "true",
        "partNavMeshType": "1",
        "position": "x:-19.529993057251 y:1.4999008178711 z:-7.2420434951782",
        "restitution": "0.3",
        "rotation": "x:0 y:0 z:0",
        "scale": "x:1 y:1 z:1",
        "selectable": "true",
        "shape": "1",
        "staticBatchNo": "",
        "staticObject": "false",
        "useAnchor": "true",
        "useCollide": "true",
        "useForCollision": "false",
        "useGravity": "true",
        "useTextureAlpha": "false"
      }
    },
    {
      "attributes": [],
      "class": "Entity",
      "config": "myplugin/MapGrassland",
      "customProperties": [],
      "properties": {
        "bakeTextureWeight": "1",
        "batchType": "Dynamic",
        "canAcceptShadow": "true",
        "canGenerateShadow": "true",
        "collisionGroup": "1",
        "id": "8778171410495094785",
        "isVisibleInEditor": "true",
        "name": "entity_MapGrassland",
        "needSync": "true",
        "position": "x:-19.028984069824 y:0.59589600563049 z:-12.162016868591",
        "rotation": "x:0 y:169.99945068359 z:0",
        "scale": "x:0.5 y:0.5 z:0.5",
        "selectable": "true",
        "useAnchor": "false",
        "useForCollision": "false"
      }
    },
    {
      "attributes": [],
      "class": "Entity",
      "config": "myplugin/MapDesert",
      "customProperties": [],
      "properties": {
        "bakeTextureWeight": "1",
        "batchType": "Dynamic",
        "canAcceptShadow": "true",
        "canGenerateShadow": "true",
        "collisionGroup": "1",
        "id": "8778182790593576961",
        "isVisibleInEditor": "true",
        "name": "MapDesert",
        "needSync": "true",
        "position": "x:-1.6488540172577 y:1.1718963384628 z:-29.373876571655",
        "rotation": "x:0 y:-128.99920654297 z:0",
        "scale": "x:0.5 y:0.5 z:0.5",
        "selectable": "true",
        "useAnchor": "false",
        "useForCollision": "false"
      }
    },
    {
      "attributes": [],
      "class": "MeshPart",
      "customProperties": [],
      "properties": {
        "angleVelocity": "x:0 y:0 z:0",
        "autoAnchor": "true",
        "bakeTextureWeight": "1",
        "batchType": "Dynamic",
        "bloom": "false",
        "booleanOperation": "0",
        "btsKey": "ad5f9e3c-04d4-4b65-8521-d31cd63b873e",
        "cameraCollideEnable": "true",
        "canAcceptShadow": "true",
        "canGenerateShadow": "true",
        "collisionFidelity": "0",
        "collisionGroup": "1",
        "collisionUniqueKey": "8778165740560482305",
        "customShapeData": "",
        "customThreshold": "1",
        "density": "2.2",
        "discardAlpha": "1",
        "friction": "0.37",
        "id": "8778190631898398721",
        "isLockedInEditor": "true",
        "isVisibleInEditor": "false",
        "lineVelocity": "x:0 y:0 z:0",
        "localAnchorPoint": "x:0 y:0 z:0",
        "lodData": {
          "lodModelItem": []
        },
        "lodGroup": "",
        "mass": "0.015342245809734",
        "massCenter": "x:0 y:2 z:0",
        "materialAlpha": "1.0",
        "materialColor": "r:1.0 g:1.0 b:1.0 a:1.0",
        "materialOffset": "x:1 y:1 z:1.0",
        "materialTexture": "part_suliao.tga",
        "mesh": "asset/Mesh/Brown Square Area/g2047_3_27_qiang.mesh",
        "metalness": "0",
        "name": "Stone_fire",
        "needSync": "true",
        "originAnchor": "false",
        "partNavMeshType": "nil",
        "position": "x:0 y:2 z:0",
        "restitution": "0.3",
        "rotation": "x:0 y:0 z:0",
        "roughness": "0.9",
        "scale": "x:1.11113 y:1.11113 z:1.11113",
        "selectable": "true",
        "staticBatchNo": "",
        "staticObject": "false",
        "useAnchor": "true",
        "useCollide": "true",
        "useForCollision": "false",
        "useGravity": "true",
        "useLodModel": "false",
        "useTextureAlpha": "false"
      }
    },
    {
      "attributes": [],
      "class": "MeshPart",
      "customProperties": [],
      "properties": {
        "angleVelocity": "x:0 y:0 z:0",
        "autoAnchor": "true",
        "bakeTextureWeight": "1",
        "batchType": "Dynamic",
        "bloom": "false",
        "booleanOperation": "0",
        "btsKey": "ad5f9e3c-04d4-4b65-8521-d31cd63b873e",
        "cameraCollideEnable": "true",
        "canAcceptShadow": "true",
        "canGenerateShadow": "true",
        "collisionFidelity": "0",
        "collisionGroup": "1",
        "collisionUniqueKey": "8778165740560482305",
        "customShapeData": "",
        "customThreshold": "1",
        "density": "2.2",
        "discardAlpha": "1",
        "friction": "0.37",
        "id": "8778190895637823489",
        "isLockedInEditor": "true",
        "isVisibleInEditor": "false",
        "lineVelocity": "x:0 y:0 z:0",
        "localAnchorPoint": "x:0 y:0 z:0",
        "lodData": {
          "lodModelItem": []
        },
        "lodGroup": "",
        "mass": "7677.7652832031",
        "massCenter": "x:0 y:2 z:0",
        "materialAlpha": "1.0",
        "materialColor": "r:1.0 g:1.0 b:1.0 a:1.0",
        "materialOffset": "x:1 y:1 z:1.0",
        "materialTexture": "part_suliao.tga",
        "mesh": "asset/Mesh/Brown Square Area/g2047_3_27_boli.mesh",
        "metalness": "0",
        "name": "Stone_fire",
        "needSync": "true",
        "originAnchor": "false",
        "partNavMeshType": "nil",
        "position": "x:0 y:2 z:0",
        "restitution": "0.3",
        "rotation": "x:0 y:0 z:0",
        "roughness": "0.9",
        "scale": "x:1.11113 y:1.11113 z:1.11113",
        "selectable": "true",
        "staticBatchNo": "1",
        "staticObject": "false",
        "useAnchor": "true",
        "useCollide": "true",
        "useForCollision": "false",
        "useGravity": "true",
        "useLodModel": "false",
        "useTextureAlpha": "false"
      }
    }
  ],
  "skyBox": [
    {
      "texture": [
        "@asset/Texture/SkyBox/Common2/Sky03_right.png",
        "@asset/Texture/SkyBox/Common2/Sky03_left.png",
        "@asset/Texture/SkyBox/Common2/Sky03_top.png",
        "@asset/Texture/SkyBox/Common2/Sky03_bottom.png",
        "@asset/Texture/SkyBox/Common2/Sky03_back.png",
        "@asset/Texture/SkyBox/Common2/Sky03_front.png"
      ]
    }
  ],
  "skyBoxMode": "static_display",
  "skyBoxRotate": {
    "x": 0,
    "y": 0,
    "z": 0
  },
  "skyBoxTexPixFmt": "RGBA8",
  "skyBoxTexSize": 512,
  "touchPosY": {
    "touchdownPosY": -30,
    "touchupPosY": 720
  },
  "useLod": false
}