{
  "area": [
    [
      0,
      -58
    ],
    [
      0,
      -238
    ],
    [
      0,
      88
    ],
    [
      0,
      88
    ]
  ],
  "area_number": 9,
  "backSwingTime": 0,
  "castAction": "attackS",
  "castActionTime": -1,
  "castSound": {
    "attenuationType": "0",
    "is3dSound": true,
    "loop": false,
    "losslessDistance": 5,
    "maxDistance": 20,
    "multiPly": 1,
    "path": "asset/Sound Assets/warp.mp3",
    "selfOnly": false,
    "sound": "@Sound Assets/warp.mp3",
    "volume": 1
  },
  "cdMaskConfig": {
    "AntiClockwise": false,
    "FillPosition": "Top_With360Degree",
    "FillType": "With360Degree",
    "horizontalAlignment": 1,
    "verticalAlignment": 1
  },
  "cdTime": 300,
  "chargeCdMaskConfig": {
    "AntiClockwise": false,
    "FillPosition": "",
    "FillType": "Horizontal",
    "horizontalAlignment": 1,
    "verticalAlignment": 1
  },
  "chargeCdTime": 0,
  "chargeEnableCdMask": false,
  "chargeIsShowCdPoint": false,
  "chargeTimes": 2,
  "consumeVp": 0,
  "customizeSkill": true,
  "draggingEnabled": false,
  "enable_pre": false,
  "enable_rear": false,
  "enableBackSwing": false,
  "enableCdMask": true,
  "enableCdTip": true,
  "enableChargeTime": false,
  "enableMoveBrkBackS": false,
  "enableMoveBrkPreS": false,
  "enablePreSwing": false,
  "frontSight": "",
  "horizontalAlignment": 2,
  "icon": "@asset/3D Asset/Icon36.png",
  "icon_pushed": "",
  "ignoreCastSkillBackS": false,
  "ignoreCastSkillPreS": true,
  "ignoreJumpBackS": false,
  "ignoreJumpPreS": false,
  "ignoreMoveBackS": false,
  "ignoreMovePreS": false,
  "isClick": false,
  "isShowCdPoint": false,
  "isTouch": false,
  "preSwingTime": 0,
  "sensitivityFactor": 1,
  "startAction": "",
  "startActionTime": 0,
  "sustainAction": "",
  "type": "Base",
  "verticalAlignment": 2
}