{
  "canAbandon": false,
  "candrop": true,
  "canEquipPlural": true,
  "canUse": false,
  "dropSpeed": 0.2,
  "handBuff": "myplugin/Force",
  "handItemBoneName": "Bip001_L_Finger01",
  "icon": "@asset/warrior/modao.png",
  "itemintroduction": "5cba3d8c-1190-4311-8810-9310398a8555",
  "itemname": "73369d34-b94a-4a42-8fd7-e2a31e0b94ee",
  "mesh": "asset/warrior/hunter_dao02.mesh",
  "needSave": false,
  "skill": [
    "myplugin/GreatSwordAttack"
  ],
  "stack_count_max": 1,
  "syncGameData": {
    "currentCapacity": true,
    "extCapacity": true
  },
  "trap": false
}