{
  "area": [
    [
      0,
      -190
    ],
    [
      0,
      -200
    ],
    [
      0,
      88
    ],
    [
      0,
      88
    ]
  ],
  "area_number": 8,
  "bodyPitchOffset": [
    0
  ],
  "bodyYawOffset": [
    0
  ],
  "castAction": "greatsword",
  "castActionTime": -1,
  "castSound": {
    "attenuationType": "0",
    "is3dSound": true,
    "loop": false,
    "losslessDistance": 5,
    "maxDistance": 20,
    "multiPly": 1,
    "path": "asset/Sound Assets/Slash2.mp3",
    "selfOnly": false,
    "sound": "@Sound Assets/Slash2.mp3",
    "volume": 1
  },
  "cdMaskConfig": {
    "AntiClockwise": false,
    "FillPosition": "Top_With360Degree",
    "FillType": "With360Degree",
    "horizontalAlignment": 1,
    "verticalAlignment": 1
  },
  "cdTime": 60,
  "chargeCdMaskConfig": {
    "AntiClockwise": false,
    "FillPosition": "",
    "FillType": "Horizontal",
    "horizontalAlignment": 1,
    "verticalAlignment": 1
  },
  "chargeCdTime": 0,
  "chargeEnableCdMask": false,
  "chargeIsShowCdPoint": false,
  "chargeTimes": 2,
  "consumeVp": 0,
  "customizeSkill": true,
  "draggingEnabled": false,
  "enableCdMask": true,
  "enableCdTip": true,
  "enableChargeTime": false,
  "frontSight": "",
  "horizontalAlignment": 2,
  "hurtDistance": 0.1,
  "icon": "@asset/Texture/Skill/common/icon_近战攻击_act.png",
  "icon_pushed": "@asset/Texture/Skill/common/icon_近战攻击_nor.png",
  "ignoreCastSkillPreS": true,
  "isClick": false,
  "isShowCdPoint": false,
  "isTouch": false,
  "missileCfg": [
    "myplugin/678fdd4e-fd5f-4df0-bbe6-9bb44f5d15c2"
  ],
  "missileCount": 1,
  "preSwingTime": 0,
  "sensitivityFactor": 1,
  "startAction": "",
  "startActionTime": 0,
  "startFrom": "foot",
  "startPitch": [
    0
  ],
  "startPos": [
    {
      "x": 0,
      "y": 0,
      "z": 0
    }
  ],
  "startWait": [
    0
  ],
  "startYaw": [
    0
  ],
  "sustainAction": "",
  "targetType": "Self",
  "type": "Missile",
  "verticalAlignment": 2
}