{
  "_clientScript": [],
  "_serverScript": [],
  "actorGirlName": "asset/Actor/ice_blame/g2043_pet_10402.actor",
  "actorName": "asset/Actor/ice_blame/g2043_pet_10402.actor",
  "aiFixSpeedRate": 2,
  "attackNpc": false,
  "autoAttack": true,
  "autoMove": false,
  "autoRotateColliderBox": true,
  "avoidCliff": true,
  "avoidCliffHight": 5,
  "boundingScaleWithSize": true,
  "canClick": false,
  "canHurtMove": true,
  "canJump": true,
  "canMove": true,
  "canPickOnDie": false,
  "canTurnHead": false,
  "castRealShadowAtFirstPRV": false,
  "chaseDistance": 20,
  "chaseInterval": 10,
  "checkPartTouchEvent": true,
  "clickDistance": 4,
  "collider": {
    "extent": {
      "x": 0.6,
      "y": 1.8,
      "z": 0.6
    },
    "offset": {
      "x": 0,
      "y": 0,
      "z": 0
    },
    "rotation": {
      "x": 0,
      "y": 0,
      "z": 0
    },
    "type": "Box"
  },
  "collision": true,
  "damage": 5,
  "deathHideTime": 20,
  "destroyTime": 0,
  "disableShadow": true,
  "disableShadowAtFirstPRV": true,
  "dropDamageRatio": 0,
  "dropDamageStart": 1.5,
  "enableAI": true,
  "equipTrays": [],
  "eyeHeight": 1.62,
  "followEntityDistanceWhenHasTarget": 10,
  "followEntityDistanceWhenNotTarget": 5,
  "gravity": 0.08,
  "headPic": "",
  "hideHolder": false,
  "hideHp": 0,
  "hideName": true,
  "homeSize": 40,
  "hpBarColor": 4294967551,
  "hpBarHeight": 0.5,
  "hpBarWidth": 2,
  "hpFaceCamera": 0,
  "hurtResistantTime": 0,
  "idleProb": 0,
  "idleTime": [
    10,
    30
  ],
  "isAIGoHomePos": true,
  "isPlayer": false,
  "jumpHeight": 0.6,
  "jumpSpeed": 0.5,
  "maxHp": 300,
  "maxVisualAngle": 360,
  "meetCliffBackRun": true,
  "moveAcc": 0.2,
  "moveFactor": 1,
  "moveSpeed": 0.3,
  "name": "entity_ice _blame",
  "needCheckTouch": true,
  "nextChaseInterval": 2,
  "patrolDistance": 20,
  "randomPlayDeadActions": [
    ""
  ],
  "reachDistance": 6.5,
  "setFollowWhenCreate": true,
  "skillInfoList": [
    {
      "__OBJ_TYPE": "AI_Skill",
      "attackDis": 4,
      "fullName": "myplugin/attack",
      "priority": 1
    },
    {
      "__OBJ_TYPE": "AI_Skill",
      "attackDis": 10,
      "fullName": "myplugin/blame2",
      "priority": 2
    }
  ],
  "skillInfos": [],
  "stepHeight": 1,
  "textHeight": 6,
  "touchdownTimeToDie": true,
  "touchdownTimeToDieTick": 5,
  "unassailable": 0,
  "undamageable": 0
}